weighting,stratum,stratum_name,n_replicates,mean_smd_between_arms,max_abs_smd_between_arms,mean_smd_vs_enrolled,max_abs_smd_vs_enrolled,mean_share_pseudo_population,mean_share_enrolled,smd_threshold,between_arms_passes,vs_enrolled_passes
ate,0,naive,50,2.674349649435254e-17,5.560617834909186e-16,0.8458829816692137,0.9637172289338105,0.4614875,0.1555625,0.1,True,False
ate,1,one-prior,50,1.937981264503958e-17,3.6855119011418064e-16,0.07243807291872945,0.1258847787108193,0.29050312500000003,0.2589,0.1,True,False
ate,2,heavily-pretreated,50,3.858225611800327e-18,3.888978915466968e-16,-0.6854096355036995,0.7285134706669582,0.248009375,0.5855375,0.1,True,False
att,0,naive,50,8.787619673447627e-18,1.593869025604577e-16,-1.2301433452535757e-17,1.4843456670451458e-16,0.1555625,0.1555625,0.1,True,True
att,1,one-prior,50,5.240982186620048e-18,2.588113631820586e-16,-3.834803337870498e-18,1.9427830382410533e-16,0.2589,0.2589,0.1,True,True
att,2,heavily-pretreated,50,-1.8184379740548764e-17,4.50165604155892e-16,2.2635458244376852e-17,2.2668255004380875e-16,0.5855375,0.5855375,0.1,True,True
unweighted,0,naive,50,-0.9396486651423206,1.0179349784556075,0.8458829816692137,0.9637172289338105,0.4614875,0.1555625,0.1,False,False
unweighted,1,one-prior,50,-0.0940946929032867,0.16098273874633667,0.07243807291872942,0.12588477871081918,0.29050312500000003,0.2589,0.1,False,False
unweighted,2,heavily-pretreated,50,1.0614241164189193,1.1295737846368832,-0.6854096355036995,0.7285134706669583,0.248009375,0.5855375,0.1,False,False
