cohort,pool,n_held_out,n_cells_mature,shift,candidate,n_streams,n_attempted,n_scored,n_abstained,n_excludes_zero,n_covered,median_ci_width,stream_min_rate,stream_max_rate,excludes_zero_rate,coverage,abstention_rate,excludes_zero_mcse,coverage_mcse
kul3,pooled,2,5,0.5,bca,5,2000.0,2000,0.0,1580.0,762.0,1.8028880968870298,0.7775,0.8075,0.79,0.381,0.0,0.00910768905925098,0.010859074546203282
kul3,pooled,2,5,0.5,patient_cluster,5,2000.0,1059,941.0,857.0,346.0,1.025796172230434,0.7880184331797235,0.8378378378378378,0.8092540132200189,0.3267233238904627,0.4705,0.01207319334133807,0.014412485194347
kul3,pooled,2,5,0.5,percentile,5,2000.0,2000,0.0,1588.0,1013.0,1.6907374999999987,0.7775,0.8075,0.794,0.5065,0.0,0.009043340090917736,0.01117939510885987
kul3,pooled,2,5,0.5,pseudobulk_patient_t,5,2000.0,1059,941.0,179.0,978.0,10.262274706878774,0.1339712918660287,0.1889400921658986,0.16902738432483475,0.9235127478753541,0.4705,0.011516590146628453,0.008167102321370209
kul3,pooled,2,5,0.5,studentised,5,2000.0,2000,0.0,1576.0,832.0,1.9892325208467474,0.7775,0.8075,0.788,0.416,0.0,0.009139365404665686,0.011021433663548495
kul3,pooled,2,5,0.5,welch_t,5,2000.0,2000,0.0,1565.0,1288.0,1.722705135482261,0.7625,0.8025,0.7825,0.644,0.0,0.00922479674572833,0.010706633457814833
kul3,pooled,2,5,1.0,bca,5,2000.0,2000,0.0,1436.0,564.0,1.8905410490105163,0.705,0.7425,0.718,0.282,0.0,0.010061709596286309,0.010061709596286309
kul3,pooled,2,5,1.0,patient_cluster,5,2000.0,1056,944.0,815.0,241.0,1.1184452418741215,0.7339449541284404,0.8215962441314554,0.771780303030303,0.22821969696969696,0.472,0.012914911912261505,0.012914911912261504
kul3,pooled,2,5,1.0,percentile,5,2000.0,2000,0.0,1445.0,555.0,1.7626437499999996,0.7125,0.7475,0.7225,0.2775,0.0,0.010012336140981284,0.010012336140981284
kul3,pooled,2,5,1.0,pseudobulk_patient_t,5,2000.0,1056,944.0,165.0,891.0,11.507106091259885,0.1320754716981132,0.18571428571428572,0.15625,0.84375,0.472,0.011173389717721785,0.011173389717721785
kul3,pooled,2,5,1.0,studentised,5,2000.0,2000,0.0,1417.0,583.0,2.055386968563943,0.69,0.7425,0.7085,0.2915,0.0,0.010161883437631037,0.010161883437631037
kul3,pooled,2,5,1.0,welch_t,5,2000.0,2000,0.0,1401.0,599.0,1.8347631462332274,0.6875,0.73,0.7005,0.2995,0.0,0.01024206400097168,0.01024206400097168
kul3,pooled,2,50,0.5,bca,5,2000.0,2000,0.0,948.0,1605.0,2.4176063129907988,0.46,0.505,0.474,0.8025,0.0,0.011165213835838524,0.00890207138816579
kul3,pooled,2,50,0.5,patient_cluster,5,2000.0,1309,691.0,798.0,810.0,1.6142671779886717,0.556390977443609,0.6481481481481481,0.6096256684491979,0.6187929717341482,0.3455,0.013483493369417926,0.013424042313876398
kul3,pooled,2,50,0.5,percentile,5,2000.0,2000,0.0,990.0,1779.0,2.2552062500000005,0.4825,0.5225,0.495,0.8895,0.0,0.01117978085652845,0.007010340576605391
kul3,pooled,2,50,0.5,pseudobulk_patient_t,5,2000.0,1309,691.0,105.0,1258.0,14.412254005327114,0.07037037037037037,0.09774436090225563,0.08021390374331551,0.961038961038961,0.3455,0.007507553282831622,0.005348302201930485
kul3,pooled,2,50,0.5,studentised,5,2000.0,2000,0.0,975.0,1668.0,2.5405588646862234,0.4725,0.515,0.4875,0.834,0.0,0.011176845485198405,0.008319975961503736
kul3,pooled,2,50,0.5,welch_t,5,2000.0,2000,0.0,990.0,1857.0,2.2876261180669033,0.485,0.5175,0.495,0.9285,0.0,0.01117978085652845,0.005761412587204635
kul3,pooled,2,50,1.0,bca,5,2000.0,2000,0.0,656.0,1344.0,3.652955851881843,0.295,0.345,0.328,0.672,0.0,0.01049799980948752,0.01049799980948752
kul3,pooled,2,50,1.0,patient_cluster,5,2000.0,1335,665.0,626.0,709.0,2.2970686913185006,0.45229681978798586,0.5075757575757576,0.4689138576779026,0.5310861423220974,0.3325,0.013658040168343977,0.013658040168343977
kul3,pooled,2,50,1.0,percentile,5,2000.0,2000,0.0,635.0,1365.0,3.2088312499999985,0.29,0.3425,0.3175,0.6825,0.0,0.010408980497627998,0.010408980497627998
kul3,pooled,2,50,1.0,pseudobulk_patient_t,5,2000.0,1335,665.0,84.0,1251.0,22.345077000658627,0.048507462686567165,0.08139534883720931,0.06292134831460675,0.9370786516853933,0.3325,0.006645786716357204,0.0066457867163572035
kul3,pooled,2,50,1.0,studentised,5,2000.0,2000,0.0,650.0,1350.0,3.935032912097471,0.2975,0.345,0.325,0.675,0.0,0.010473180032826705,0.010473180032826705
kul3,pooled,2,50,1.0,welch_t,5,2000.0,2000,0.0,619.0,1381.0,3.3086504007844146,0.2825,0.335,0.3095,0.6905,0.0,0.010337063170939801,0.010337063170939801
kul3,pooled,2,100,0.5,bca,5,2000.0,2000,0.0,849.0,1820.0,2.4094545336585353,0.365,0.4575,0.4245,0.91,0.0,0.011052143457266558,0.0063992187023104614
kul3,pooled,2,100,0.5,patient_cluster,5,2000.0,1351,649.0,834.0,964.0,1.4757518832656584,0.5915492957746479,0.6382978723404256,0.6173205033308661,0.7135455218356773,0.3245,0.013223465099445896,0.012300166093970078
kul3,pooled,2,100,0.5,percentile,5,2000.0,2000,0.0,877.0,1920.0,2.2643312499999992,0.3775,0.4675,0.4385,0.96,0.0,0.011095443884766396,0.004381780460041331
kul3,pooled,2,100,0.5,pseudobulk_patient_t,5,2000.0,1351,649.0,112.0,1307.0,12.7505322847219,0.06382978723404255,0.1037037037037037,0.08290155440414508,0.9674315321983715,0.3245,0.007501733660053633,0.004829265790267112
kul3,pooled,2,100,0.5,studentised,5,2000.0,2000,0.0,864.0,1859.0,2.407422836120097,0.37,0.455,0.432,0.9295,0.0,0.011076461528845753,0.005724061058374553
kul3,pooled,2,100,0.5,welch_t,5,2000.0,2000,0.0,876.0,1953.0,2.280230405550376,0.37,0.47,0.438,0.9765,0.0,0.01109405246066558,0.0033873108803297025
kul3,pooled,2,100,1.0,bca,5,2000.0,2000,0.0,441.0,1559.0,4.03814207025054,0.185,0.2675,0.2205,0.7795,0.0,0.009270376205958419,0.009270376205958419
kul3,pooled,2,100,1.0,patient_cluster,5,2000.0,1342,658.0,555.0,787.0,2.033944406263859,0.36666666666666664,0.43023255813953487,0.4135618479880775,0.5864381520119225,0.329,0.013443275037109481,0.013443275037109481
kul3,pooled,2,100,1.0,percentile,5,2000.0,2000,0.0,397.0,1603.0,3.4333812499999987,0.165,0.2325,0.1985,0.8015,0.0,0.008919017602852906,0.008919017602852906
kul3,pooled,2,100,1.0,pseudobulk_patient_t,5,2000.0,1342,658.0,78.0,1264.0,17.739114300122516,0.03597122302158273,0.08333333333333333,0.05812220566318927,0.9418777943368107,0.329,0.006386928649966114,0.006386928649966114
kul3,pooled,2,100,1.0,studentised,5,2000.0,2000,0.0,426.0,1574.0,4.141368445557655,0.175,0.255,0.213,0.787,0.0,0.009155080556718221,0.00915508055671822
kul3,pooled,2,100,1.0,welch_t,5,2000.0,2000,0.0,381.0,1619.0,3.5704353266125928,0.1575,0.2175,0.1905,0.8095,0.0,0.008780938161722813,0.008780938161722813
kul3,pooled,2,800,0.5,bca,5,2000.0,2000,0.0,1250.0,1979.0,1.727127815220281,0.605,0.6575,0.625,0.9895,0.0,0.010825317547305483,0.0022792268425937726
kul3,pooled,2,800,0.5,patient_cluster,5,2000.0,1344,656.0,951.0,1127.0,1.0874133675283304,0.6923076923076923,0.7209302325581395,0.7075892857142857,0.8385416666666666,0.328,0.012407595613622528,0.01003674572903401
kul3,pooled,2,800,0.5,percentile,5,2000.0,2000,0.0,1097.0,1985.0,1.6687562499999982,0.5225,0.58,0.5485,0.9925,0.0,0.011127617669564317,0.0019292161620720412
kul3,pooled,2,800,0.5,pseudobulk_patient_t,5,2000.0,1344,656.0,144.0,1305.0,8.334686422246232,0.09187279151943463,0.1213235294117647,0.10714285714285714,0.9709821428571429,0.328,0.008436706986813107,0.004578662753619155
kul3,pooled,2,800,0.5,studentised,5,2000.0,2000,0.0,1225.0,1980.0,1.7713132291945664,0.585,0.6425,0.6125,0.99,0.0,0.01089366214824014,0.0022248595461287
kul3,pooled,2,800,0.5,welch_t,5,2000.0,2000,0.0,976.0,1988.0,1.6816334963625887,0.47,0.5125,0.488,0.994,0.0,0.011177119485806708,0.0017268468374467964
kul3,pooled,2,800,1.0,bca,5,2000.0,2000,0.0,170.0,1830.0,2.184186310815832,0.075,0.1,0.085,0.915,0.0,0.0062359842847781455,0.006235984284778145
kul3,pooled,2,800,1.0,patient_cluster,5,2000.0,1358,642.0,363.0,995.0,1.3994261515209006,0.23308270676691728,0.291044776119403,0.26730486008836524,0.7326951399116347,0.321,0.012009230981374065,0.012009230981374065
kul3,pooled,2,800,1.0,percentile,5,2000.0,2000,0.0,117.0,1883.0,2.1460562499999982,0.0425,0.0675,0.0585,0.9415,0.0,0.0052477495176503994,0.0052477495176503994
kul3,pooled,2,800,1.0,pseudobulk_patient_t,5,2000.0,1358,642.0,66.0,1292.0,10.088243832919005,0.029850746268656716,0.06390977443609022,0.048600883652430045,0.9513991163475699,0.321,0.005835170759398139,0.005835170759398142
kul3,pooled,2,800,1.0,studentised,5,2000.0,2000,0.0,163.0,1837.0,2.1718916609099113,0.0675,0.095,0.0815,0.9185,0.0,0.006117914268768401,0.006117914268768402
kul3,pooled,2,800,1.0,welch_t,5,2000.0,2000,0.0,95.0,1905.0,2.1640614509702774,0.0375,0.055,0.0475,0.9525,0.0,0.004756245893559331,0.00475624589355933
kul3,pooled,5,5,0.5,patient_cluster,5,2000.0,1952,48.0,1564.0,907.0,1.5796989497249072,0.7837150127226463,0.8158567774936062,0.8012295081967213,0.4646516393442623,0.024,0.009032636164583545,0.011288651576038687
kul3,pooled,5,5,0.5,percentile,5,2000.0,2000,0.0,1579.0,990.0,1.7499500000000001,0.78,0.7975,0.7895,0.495,0.0,0.009115639034099584,0.01117978085652845
kul3,pooled,5,5,0.5,pseudobulk_patient_t,5,2000.0,1952,48.0,522.0,1814.0,5.059600980848764,0.24808184143222506,0.2831168831168831,0.26741803278688525,0.9293032786885246,0.024,0.010018058196288345,0.005801475527196979
kul3,pooled,5,5,1.0,patient_cluster,5,2000.0,1955,45.0,1433.0,522.0,1.7206103762102005,0.6796875,0.783375314861461,0.732992327365729,0.2670076726342711,0.0225,0.01000548635659817,0.01000548635659817
kul3,pooled,5,5,1.0,percentile,5,2000.0,2000,0.0,1442.0,558.0,1.83988125,0.6675,0.7625,0.721,0.279,0.0,0.010028933143659899,0.010028933143659899
kul3,pooled,5,5,1.0,pseudobulk_patient_t,5,2000.0,1955,45.0,470.0,1485.0,5.848571520938611,0.22422680412371135,0.2518891687657431,0.24040920716112532,0.7595907928388747,0.0225,0.009664780903342218,0.009664780903342218
kul3,pooled,5,50,0.5,patient_cluster,5,2000.0,2000,0.0,1064.0,1569.0,2.151120610223085,0.4975,0.545,0.532,0.7845,0.0,0.011157419056394717,0.009194012997597948
kul3,pooled,5,50,0.5,percentile,5,2000.0,2000,0.0,1029.0,1751.0,2.1344499999999997,0.485,0.535,0.5145,0.8755,0.0,0.011175637565705145,0.007382403064043579
kul3,pooled,5,50,0.5,pseudobulk_patient_t,5,2000.0,2000,0.0,651.0,1903.0,3.628267733886426,0.315,0.3425,0.3255,0.9515,0.0,0.01047735057159013,0.004803527349771207
kul3,pooled,5,50,1.0,patient_cluster,5,2000.0,2000,0.0,753.0,1247.0,3.016209395036628,0.3525,0.3925,0.3765,0.6235,0.0,0.01083392241988099,0.01083392241988099
kul3,pooled,5,50,1.0,percentile,5,2000.0,2000,0.0,666.0,1334.0,3.0570812499999986,0.305,0.3525,0.333,0.667,0.0,0.010538287337134057,0.010538287337134055
kul3,pooled,5,50,1.0,pseudobulk_patient_t,5,2000.0,2000,0.0,362.0,1638.0,5.213017890289729,0.16,0.2075,0.181,0.819,0.0,0.008609268261588785,0.008609268261588787
kul3,pooled,5,100,0.5,patient_cluster,5,2000.0,2000,0.0,899.0,1764.0,2.1823325940206875,0.41,0.4725,0.4495,0.882,0.0,0.011123168388548292,0.007213736895673421
kul3,pooled,5,100,0.5,percentile,5,2000.0,2000,0.0,855.0,1924.0,2.29508125,0.375,0.4525,0.4275,0.962,0.0,0.011062182198824967,0.004275277768753747
kul3,pooled,5,100,0.5,pseudobulk_patient_t,5,2000.0,2000,0.0,496.0,1950.0,3.7482145732753755,0.235,0.28,0.248,0.975,0.0,0.009656500401284102,0.003491060010942237
kul3,pooled,5,100,1.0,patient_cluster,5,2000.0,2000,0.0,500.0,1500.0,3.1821765888385563,0.2175,0.295,0.25,0.75,0.0,0.009682458365518542,0.009682458365518542
kul3,pooled,5,100,1.0,percentile,5,2000.0,2000,0.0,448.0,1552.0,3.5718687499999984,0.18,0.2625,0.224,0.776,0.0,0.009322660564452618,0.009322660564452617
kul3,pooled,5,100,1.0,pseudobulk_patient_t,5,2000.0,2000,0.0,240.0,1760.0,5.859509905694983,0.095,0.1475,0.12,0.88,0.0,0.0072663608498339805,0.0072663608498339805
kul3,pooled,5,800,0.5,patient_cluster,5,2000.0,2000,0.0,1073.0,1935.0,1.5507516162593957,0.52,0.5625,0.5365,0.9675,0.0,0.011150510078018852,0.00396508196636589
kul3,pooled,5,800,0.5,percentile,5,2000.0,2000,0.0,986.0,1983.0,1.705537499999999,0.4425,0.535,0.493,0.9915,0.0,0.01117924416049672,0.0020527725154044657
kul3,pooled,5,800,0.5,pseudobulk_patient_t,5,2000.0,2000,0.0,400.0,1982.0,2.697839730447269,0.1725,0.25,0.2,0.991,0.0,0.00894427190999916,0.002111752826445369
kul3,pooled,5,800,1.0,patient_cluster,5,2000.0,2000,0.0,226.0,1774.0,2.0593624748557433,0.0925,0.1375,0.113,0.887,0.0,0.0070792301841372555,0.007079230184137255
kul3,pooled,5,800,1.0,percentile,5,2000.0,2000,0.0,144.0,1856.0,2.205525,0.0575,0.09,0.072,0.928,0.0,0.005779965397820302,0.0057799653978203
kul3,pooled,5,800,1.0,pseudobulk_patient_t,5,2000.0,2000,0.0,88.0,1912.0,3.2397428831266595,0.025,0.0675,0.044,0.956,0.0,0.0045860658521220555,0.004586065852122058
kul3,reference,2,5,0.5,bca,5,2000.0,2000,0.0,1351.0,839.0,3.44782055042339,0.6675,0.6925,0.6755,0.4195,0.0,0.010468995892634595,0.011034485715247448
kul3,reference,2,5,0.5,patient_cluster,5,2000.0,1223,777.0,900.0,694.0,4.2070048309178745,0.7078189300411523,0.7662835249042146,0.7358953393295176,0.5674570727718724,0.3885,0.01260616044557454,0.014166673528600305
kul3,reference,2,5,0.5,percentile,5,2000.0,2000,0.0,1406.0,843.0,3.3657500000000002,0.69,0.715,0.703,0.4215,0.0,0.010217411609600545,0.01104168805029376
kul3,reference,2,5,0.5,pseudobulk_patient_t,5,2000.0,1223,777.0,117.0,1174.0,43.38929769880698,0.07883817427385892,0.10526315789473684,0.09566639411283728,0.9599345870809485,0.3885,0.008410674171834416,0.005607798536041742
kul3,reference,2,5,0.5,studentised,5,2000.0,2000,0.0,1333.0,849.0,3.62405938609353,0.6575,0.6825,0.6665,0.4245,0.0,0.010542242408520116,0.011052143457266558
kul3,reference,2,5,0.5,welch_t,5,2000.0,2000,0.0,1356.0,868.0,3.4883956324738072,0.6675,0.7,0.678,0.434,0.0,0.010447870596442128,0.011082508741255295
kul3,reference,2,5,1.0,bca,5,2000.0,2000,0.0,1201.0,799.0,3.854389740379409,0.585,0.6275,0.6005,0.3995,0.0,0.010952163028370241,0.010952163028370241
kul3,reference,2,5,1.0,patient_cluster,5,2000.0,1220,780.0,772.0,448.0,4.631268381084963,0.6042553191489362,0.6454183266932271,0.6327868852459017,0.36721311475409835,0.39,0.013800915956377433,0.013800915956377433
kul3,reference,2,5,1.0,percentile,5,2000.0,2000,0.0,1225.0,775.0,3.7154437499999986,0.6025,0.635,0.6125,0.3875,0.0,0.01089366214824014,0.01089366214824014
kul3,reference,2,5,1.0,pseudobulk_patient_t,5,2000.0,1220,780.0,102.0,1118.0,47.90343868930845,0.06276150627615062,0.09561752988047809,0.08360655737704918,0.9163934426229509,0.39,0.0079246710093893,0.007924671009389298
kul3,reference,2,5,1.0,studentised,5,2000.0,2000,0.0,1173.0,827.0,4.1463557211339435,0.5725,0.6075,0.5865,0.4135,0.0,0.011011760758389187,0.011011760758389187
kul3,reference,2,5,1.0,welch_t,5,2000.0,2000,0.0,1191.0,809.0,4.038392859630786,0.58,0.6175,0.5955,0.4045,0.0,0.010974510239641676,0.010974510239641676
kul3,reference,2,50,0.5,bca,5,2000.0,2000,0.0,816.0,1720.0,5.024195325544602,0.385,0.4225,0.408,0.86,0.0,0.010989449485756782,0.00775886589650833
kul3,reference,2,50,0.5,patient_cluster,5,2000.0,1309,691.0,708.0,1107.0,4.824362777543745,0.518796992481203,0.575187969924812,0.5408708938120703,0.8456837280366692,0.3455,0.013773502590024241,0.009984815062582409
kul3,reference,2,50,0.5,percentile,5,2000.0,2000,0.0,986.0,1749.0,4.706437499999998,0.475,0.5125,0.493,0.8745,0.0,0.01117924416049672,0.007407757757918383
kul3,reference,2,50,0.5,pseudobulk_patient_t,5,2000.0,1309,691.0,102.0,1273.0,31.882005992526707,0.06766917293233082,0.10526315789473684,0.07792207792207792,0.972498090145149,0.3455,0.00740873824371798,0.004520182633294776
kul3,reference,2,50,0.5,studentised,5,2000.0,2000,0.0,837.0,1727.0,5.1174824935120835,0.3875,0.4375,0.4185,0.8635,0.0,0.011030814793114786,0.007676840170278393
kul3,reference,2,50,0.5,welch_t,5,2000.0,2000,0.0,1041.0,1762.0,4.8412165555282485,0.495,0.5325,0.5205,0.881,0.0,0.011170938859379725,0.0072401312142805815
kul3,reference,2,50,1.0,bca,5,2000.0,2000,0.0,336.0,1664.0,9.650787545088026,0.145,0.1875,0.168,0.832,0.0,0.008359904305672404,0.008359904305672405
kul3,reference,2,50,1.0,patient_cluster,5,2000.0,1335,665.0,349.0,986.0,6.536825175500963,0.25190839694656486,0.2826855123674912,0.2614232209737828,0.7385767790262172,0.3325,0.012026223547568311,0.012026223547568311
kul3,reference,2,50,1.0,percentile,5,2000.0,2000,0.0,347.0,1653.0,8.09014375,0.1525,0.195,0.1735,0.8265,0.0,0.008467518821945422,0.008467518821945422
kul3,reference,2,50,1.0,pseudobulk_patient_t,5,2000.0,1335,665.0,62.0,1273.0,43.67044360623739,0.030534351145038167,0.05653710247349823,0.04644194756554307,0.9535580524344569,0.3325,0.005759544631387592,0.005759544631387593
kul3,reference,2,50,1.0,studentised,5,2000.0,2000,0.0,331.0,1669.0,12.412444374335042,0.15,0.185,0.1655,0.8345,0.0,0.008309926293295267,0.008309926293295265
kul3,reference,2,50,1.0,welch_t,5,2000.0,2000,0.0,367.0,1633.0,8.521066862866949,0.1725,0.2,0.1835,0.8165,0.0,0.00865528018032923,0.00865528018032923
kul3,reference,2,100,0.5,bca,5,2000.0,2000,0.0,934.0,1884.0,4.302984272677128,0.4325,0.4975,0.467,0.942,0.0,0.011155962531310331,0.005226662414964259
kul3,reference,2,100,0.5,patient_cluster,5,2000.0,1351,649.0,703.0,1178.0,4.57723416489106,0.44814814814814813,0.5622489959839357,0.5203552923760177,0.8719467061435974,0.3245,0.013591961694449964,0.009091021257117176
kul3,reference,2,100,0.5,percentile,5,2000.0,2000,0.0,1056.0,1910.0,4.21393125,0.495,0.5625,0.528,0.955,0.0,0.011162795348836239,0.004635461142108735
kul3,reference,2,100,0.5,pseudobulk_patient_t,5,2000.0,1351,649.0,118.0,1307.0,26.646328877751273,0.0673758865248227,0.11654135338345864,0.08734270910436713,0.9674315321983715,0.3245,0.007681384742017893,0.004829265790267112
kul3,reference,2,100,0.5,studentised,5,2000.0,2000,0.0,943.0,1882.0,4.306719230494036,0.4325,0.4925,0.4715,0.941,0.0,0.01116216264887768,0.005268728499363013
kul3,reference,2,100,0.5,welch_t,5,2000.0,2000,0.0,1105.0,1922.0,4.251654722943153,0.515,0.5775,0.5525,0.961,0.0,0.011118537448783451,0.004328914413568374
kul3,reference,2,100,1.0,bca,5,2000.0,2000,0.0,225.0,1775.0,7.244625716182897,0.0975,0.1475,0.1125,0.8875,0.0,0.0070655413805312895,0.007065541380531291
kul3,reference,2,100,1.0,patient_cluster,5,2000.0,1342,658.0,297.0,1045.0,5.921445543641522,0.17625899280575538,0.24031007751937986,0.22131147540983606,0.7786885245901639,0.329,0.011332026883130758,0.01133202688313076
kul3,reference,2,100,1.0,percentile,5,2000.0,2000,0.0,233.0,1767.0,6.75105625,0.1075,0.1425,0.1165,0.8835,0.0,0.007173832657652393,0.007173832657652395
kul3,reference,2,100,1.0,pseudobulk_patient_t,5,2000.0,1342,658.0,68.0,1274.0,35.108276961060085,0.04044117647058824,0.06060606060606061,0.05067064083457526,0.9493293591654247,0.329,0.0059870156943159615,0.005987015694315964
kul3,reference,2,100,1.0,studentised,5,2000.0,2000,0.0,217.0,1783.0,7.9939289201167805,0.095,0.13,0.1085,0.8915,0.0,0.006954414065900879,0.00695441406590088
kul3,reference,2,100,1.0,welch_t,5,2000.0,2000,0.0,236.0,1764.0,6.852282508701601,0.095,0.15,0.118,0.882,0.0,0.007213736895673421,0.007213736895673421
kul3,reference,2,800,0.5,bca,5,2000.0,2000,0.0,1809.0,1991.0,3.0681766998570437,0.8925,0.925,0.9045,0.9955,0.0,0.006571900410079265,0.0014966211945579198
kul3,reference,2,800,0.5,patient_cluster,5,2000.0,1344,656.0,661.0,1249.0,4.2946218850410425,0.45936395759717313,0.5503875968992248,0.49181547619047616,0.9293154761904762,0.328,0.013636790812656884,0.006991077535448686
kul3,reference,2,800,0.5,percentile,5,2000.0,2000,0.0,1772.0,1993.0,3.0163624999999987,0.8675,0.905,0.886,0.9965,0.0,0.007106475919891659,0.0013205585939290896
kul3,reference,2,800,0.5,pseudobulk_patient_t,5,2000.0,1344,656.0,135.0,1316.0,18.496365270003825,0.06713780918727916,0.12403100775193798,0.10044642857142858,0.9791666666666666,0.328,0.00819938221570693,0.0038959022997036266
kul3,reference,2,800,0.5,studentised,5,2000.0,2000,0.0,1800.0,1989.0,3.0815364941652437,0.88,0.92,0.9,0.9945,0.0,0.006708203932499368,0.0016537457482938467
kul3,reference,2,800,0.5,welch_t,5,2000.0,2000,0.0,1737.0,1992.0,3.0404210703178727,0.85,0.885,0.8685,0.996,0.0,0.007556710593902613,0.0014113823011501884
kul3,reference,2,800,1.0,bca,5,2000.0,2000,0.0,112.0,1888.0,3.7622860821667516,0.0425,0.0725,0.056,0.944,0.0,0.005141206084179081,0.005141206084179083
kul3,reference,2,800,1.0,patient_cluster,5,2000.0,1358,642.0,162.0,1196.0,5.685144128081944,0.11567164179104478,0.12639405204460966,0.11929307805596466,0.8807069219440353,0.321,0.008795761446770623,0.008795761446770625
kul3,reference,2,800,1.0,percentile,5,2000.0,2000,0.0,101.0,1899.0,3.7607562499999987,0.0375,0.0625,0.0505,0.9495,0.0,0.00489641450451246,0.0048964145045124596
kul3,reference,2,800,1.0,pseudobulk_patient_t,5,2000.0,1358,642.0,50.0,1308.0,16.800250654962127,0.018656716417910446,0.04878048780487805,0.036818851251840944,0.9631811487481591,0.321,0.005110215551046349,0.005110215551046347
kul3,reference,2,800,1.0,studentised,5,2000.0,2000,0.0,119.0,1881.0,3.7768849303427667,0.0475,0.0725,0.0595,0.9405,0.0,0.005289600646551685,0.005289600646551685
kul3,reference,2,800,1.0,welch_t,5,2000.0,2000,0.0,93.0,1907.0,3.7827354846847863,0.0325,0.0575,0.0465,0.9535,0.0,0.004708383480558906,0.004708383480558906
kul3,reference,5,5,0.5,patient_cluster,5,2000.0,1994,6.0,1376.0,1352.0,4.79707406440354,0.6708542713567839,0.705,0.6900702106318957,0.6780341023069207,0.003,0.010356564720679065,0.010463286783742524
kul3,reference,5,5,0.5,percentile,5,2000.0,2000,0.0,1374.0,827.0,3.1374749999999993,0.6575,0.705,0.687,0.4135,0.0,0.01036896812609625,0.011011760758389187
kul3,reference,5,5,0.5,pseudobulk_patient_t,5,2000.0,1994,6.0,428.0,1928.0,13.949195565454936,0.19597989949748743,0.24,0.21464393179538616,0.966900702106319,0.003,0.009194540548450106,0.004006247276195927
kul3,reference,5,5,1.0,patient_cluster,5,2000.0,1991,9.0,1240.0,751.0,5.197431905307646,0.6075,0.6507537688442211,0.622802611752888,0.377197388247112,0.0045,0.010862353221199085,0.010862353221199085
kul3,reference,5,5,1.0,percentile,5,2000.0,2000,0.0,1210.0,790.0,3.4742562499999994,0.5875,0.65,0.605,0.395,0.0,0.010931033802893484,0.010931033802893484
kul3,reference,5,5,1.0,pseudobulk_patient_t,5,2000.0,1991,9.0,372.0,1619.0,16.139638317276493,0.145,0.21265822784810126,0.1868407835258664,0.8131592164741336,0.0045,0.008735504751491947,0.008735504751491947
kul3,reference,5,50,0.5,patient_cluster,5,2000.0,2000,0.0,874.0,1928.0,5.709556180386177,0.4225,0.4475,0.437,0.964,0.0,0.01109123527836282,0.0041655731898503495
kul3,reference,5,50,0.5,percentile,5,2000.0,2000,0.0,949.0,1754.0,4.879037499999999,0.465,0.485,0.4745,0.877,0.0,0.011165790388503629,0.007344079247938437
kul3,reference,5,50,0.5,pseudobulk_patient_t,5,2000.0,2000,0.0,464.0,1982.0,8.866862435930862,0.2,0.255,0.232,0.991,0.0,0.009438643970401681,0.002111752826445369
kul3,reference,5,50,1.0,patient_cluster,5,2000.0,2000,0.0,366.0,1634.0,8.175459723969768,0.1675,0.2125,0.183,0.817,0.0,0.008646126300257243,0.008646126300257245
kul3,reference,5,50,1.0,percentile,5,2000.0,2000,0.0,384.0,1616.0,8.384612500000001,0.175,0.2,0.192,0.808,0.0,0.008807269724494646,0.008807269724494646
kul3,reference,5,50,1.0,pseudobulk_patient_t,5,2000.0,2000,0.0,174.0,1826.0,13.511222136173156,0.0775,0.095,0.087,0.913,0.0,0.006302023484564303,0.006302023484564302
kul3,reference,5,100,0.5,patient_cluster,5,2000.0,2000,0.0,880.0,1978.0,5.219198830882717,0.4125,0.4525,0.44,0.989,0.0,0.011099549540409287,0.0023322735688593665
kul3,reference,5,100,0.5,percentile,5,2000.0,2000,0.0,1080.0,1906.0,4.22093125,0.5025,0.56,0.54,0.953,0.0,0.011144505372604026,0.004732388403332932
kul3,reference,5,100,0.5,pseudobulk_patient_t,5,2000.0,2000,0.0,458.0,1981.0,7.5139390372846355,0.1875,0.265,0.229,0.9905,0.0,0.009395717109406818,0.0021690723823791537
kul3,reference,5,100,1.0,patient_cluster,5,2000.0,2000,0.0,207.0,1793.0,7.348624341205593,0.0925,0.11,0.1035,0.8965,0.0,0.006811304941052044,0.006811304941052046
kul3,reference,5,100,1.0,percentile,5,2000.0,2000,0.0,235.0,1765.0,6.958781249999998,0.09,0.135,0.1175,0.8825,0.0,0.007200477414727443,0.0072004774147274445
kul3,reference,5,100,1.0,pseudobulk_patient_t,5,2000.0,2000,0.0,95.0,1905.0,10.802106756562498,0.04,0.055,0.0475,0.9525,0.0,0.004756245893559331,0.00475624589355933
kul3,reference,5,800,0.5,patient_cluster,5,2000.0,2000,0.0,863.0,1997.0,4.526638491001513,0.385,0.46,0.4315,0.9985,0.0,0.01107492099294618,0.0008653756409790912
kul3,reference,5,800,0.5,percentile,5,2000.0,2000,0.0,1754.0,1991.0,2.94404375,0.84,0.89,0.877,0.9955,0.0,0.007344079247938437,0.0014966211945579198
kul3,reference,5,800,0.5,pseudobulk_patient_t,5,2000.0,2000,0.0,674.0,1982.0,5.200003167668628,0.3225,0.37,0.337,0.991,0.0,0.01056955533596376,0.002111752826445369
kul3,reference,5,800,1.0,patient_cluster,5,2000.0,2000,0.0,24.0,1976.0,5.818358558066668,0.0025,0.0225,0.012,0.988,0.0,0.002434748446965312,0.0024347484469653133
kul3,reference,5,800,1.0,percentile,5,2000.0,2000,0.0,113.0,1887.0,3.7466124999999995,0.045,0.0725,0.0565,0.9435,0.0,0.005162739098579358,0.005162739098579358
kul3,reference,5,800,1.0,pseudobulk_patient_t,5,2000.0,2000,0.0,53.0,1947.0,5.482678252218367,0.02,0.0375,0.0265,0.9735,0.0,0.0035915003828483716,0.00359150038284837
smc,pooled,2,5,0.5,bca,5,2000.0,2000,0.0,1428.0,915.0,1.38026970731115,0.695,0.735,0.714,0.4575,0.0,0.010104553429023966,0.011139877692326787
smc,pooled,2,5,0.5,patient_cluster,5,2000.0,1426,574.0,985.0,1041.0,2.7866275446530016,0.6784452296819788,0.7032967032967034,0.6907433380084151,0.7300140252454418,0.287,0.012239343448661082,0.011756456499227363
smc,pooled,2,5,0.5,percentile,5,2000.0,2000,0.0,1452.0,1017.0,1.34084375,0.7075,0.7425,0.726,0.5085,0.0,0.00997306372184596,0.01117872421164419
smc,pooled,2,5,0.5,pseudobulk_patient_t,5,2000.0,1426,574.0,63.0,1396.0,24.105256433008243,0.020066889632107024,0.06734006734006734,0.04417952314165498,0.9789621318373072,0.287,0.0054417541153358685,0.003800353960950836
smc,pooled,2,5,0.5,studentised,5,2000.0,2000,0.0,1412.0,970.0,1.5525695359080718,0.685,0.7325,0.706,0.485,0.0,0.010187345090846782,0.01117530760203047
smc,pooled,2,5,0.5,welch_t,5,2000.0,2000,0.0,1405.0,1114.0,1.382456226868816,0.685,0.7275,0.7025,0.557,0.0,0.010222371300241445,0.011107452453195558
smc,pooled,2,5,1.0,bca,5,2000.0,2000,0.0,1287.0,713.0,1.610336211416613,0.625,0.6575,0.6435,0.3565,0.0,0.010709989495793168,0.010709989495793168
smc,pooled,2,5,1.0,patient_cluster,5,2000.0,1398,602.0,829.0,569.0,3.2943901959890667,0.5698924731182796,0.6226415094339622,0.5929899856938483,0.40701001430615164,0.301,0.013139312485434086,0.013139312485434084
smc,pooled,2,5,1.0,percentile,5,2000.0,2000,0.0,1301.0,699.0,1.5685250000000002,0.6425,0.67,0.6505,0.3495,0.0,0.010661842007833357,0.010661842007833357
smc,pooled,2,5,1.0,pseudobulk_patient_t,5,2000.0,1398,602.0,57.0,1341.0,31.2938421198036,0.024475524475524476,0.06037735849056604,0.0407725321888412,0.9592274678111588,0.301,0.005289213036038017,0.00528921303603802
smc,pooled,2,5,1.0,studentised,5,2000.0,2000,0.0,1263.0,737.0,1.7719916212544273,0.62,0.6475,0.6315,0.3685,0.0,0.010786745338608862,0.01078674533860886
smc,pooled,2,5,1.0,welch_t,5,2000.0,2000,0.0,1242.0,758.0,1.671714128975331,0.615,0.63,0.621,0.379,0.0,0.010848018252197035,0.010848018252197035
smc,pooled,2,50,0.5,bca,5,2000.0,2000,0.0,923.0,1756.0,2.3583932906493232,0.4425,0.485,0.4615,0.878,0.0,0.011147146495852649,0.007318333143551201
smc,pooled,2,50,0.5,patient_cluster,5,2000.0,1993,7.0,686.0,1753.0,3.454861291158932,0.3082706766917293,0.3825,0.34420471650777723,0.8795785248369292,0.0035,0.010642383471838194,0.007290136009151138
smc,pooled,2,50,0.5,percentile,5,2000.0,2000,0.0,1004.0,1835.0,2.1752312499999995,0.49,0.53,0.502,0.9175,0.0,0.011180250444422075,0.0061519813881382975
smc,pooled,2,50,0.5,pseudobulk_patient_t,5,2000.0,1993,7.0,84.0,1947.0,16.57780336110399,0.03508771929824561,0.05025125628140704,0.042147516307074764,0.9769192172604114,0.0035,0.0045007165163083096,0.0033635736651903897
smc,pooled,2,50,0.5,studentised,5,2000.0,2000,0.0,908.0,1782.0,2.529253372604618,0.4325,0.4825,0.454,0.891,0.0,0.011132924144177037,0.006968464680257768
smc,pooled,2,50,0.5,welch_t,5,2000.0,2000,0.0,1013.0,1870.0,2.2466884084672287,0.4825,0.5425,0.5065,0.935,0.0,0.01117939510885987,0.005512485827646179
smc,pooled,2,50,1.0,bca,5,2000.0,2000,0.0,467.0,1533.0,4.400090748467526,0.2,0.2625,0.2335,0.7665,0.0,0.009459855971419438,0.00945985597141944
smc,pooled,2,50,1.0,patient_cluster,5,2000.0,1992,8.0,441.0,1551.0,4.923082113257325,0.18434343434343434,0.245,0.2213855421686747,0.7786144578313253,0.004,0.00930231822942239,0.00930231822942239
smc,pooled,2,50,1.0,percentile,5,2000.0,2000,0.0,461.0,1539.0,3.756206249999999,0.2025,0.2625,0.2305,0.7695,0.0,0.009417264730270674,0.009417264730270675
smc,pooled,2,50,1.0,pseudobulk_patient_t,5,2000.0,1992,8.0,60.0,1932.0,21.215625693387906,0.020050125313283207,0.0425,0.030120481927710843,0.9698795180722891,0.004,0.0038295274342345247,0.0038295274342345273
smc,pooled,2,50,1.0,studentised,5,2000.0,2000,0.0,446.0,1554.0,5.554313318085425,0.19,0.245,0.223,0.777,0.0,0.009307819293475782,0.009307819293475782
smc,pooled,2,50,1.0,welch_t,5,2000.0,2000,0.0,446.0,1554.0,4.006174293251281,0.2025,0.255,0.223,0.777,0.0,0.009307819293475782,0.009307819293475782
smc,pooled,2,100,0.5,bca,5,2000.0,2000,0.0,998.0,1877.0,1.9271487653858341,0.4775,0.525,0.499,0.9385,0.0,0.011180317526796813,0.005372045699731156
smc,pooled,2,100,0.5,patient_cluster,5,2000.0,2000,0.0,589.0,1800.0,3.2079748815259546,0.2575,0.335,0.2945,0.9,0.0,0.010192392996740265,0.006708203932499368
smc,pooled,2,100,0.5,percentile,5,2000.0,2000,0.0,1044.0,1927.0,1.8668312499999997,0.505,0.5425,0.522,0.9635,0.0,0.0111695120752878,0.004193313129257102
smc,pooled,2,100,0.5,pseudobulk_patient_t,5,2000.0,2000,0.0,82.0,1957.0,15.76871769505576,0.025,0.0525,0.041,0.9785,0.0,0.004433903472111228,0.003243281517229114
smc,pooled,2,100,0.5,studentised,5,2000.0,2000,0.0,997.0,1898.0,1.9753531008028746,0.4775,0.52,0.4985,0.949,0.0,0.011180289575856253,0.004919298730510276
smc,pooled,2,100,0.5,welch_t,5,2000.0,2000,0.0,1047.0,1951.0,1.88669131574426,0.49,0.555,0.5235,0.9755,0.0,0.01116798437498907,0.0034568591235397466
smc,pooled,2,100,1.0,bca,5,2000.0,2000,0.0,322.0,1678.0,3.3130521587903528,0.15,0.175,0.161,0.839,0.0,0.008218241904446474,0.008218241904446474
smc,pooled,2,100,1.0,patient_cluster,5,2000.0,2000,0.0,294.0,1706.0,3.923704899122204,0.13,0.165,0.147,0.853,0.0,0.007918049002121673,0.007918049002121673
smc,pooled,2,100,1.0,percentile,5,2000.0,2000,0.0,317.0,1683.0,2.9924,0.1425,0.1775,0.1585,0.8415,0.0,0.008166325673153136,0.008166325673153134
smc,pooled,2,100,1.0,pseudobulk_patient_t,5,2000.0,2000,0.0,57.0,1943.0,15.548751994997128,0.015,0.0425,0.0285,0.9715,0.0,0.0037207358143249033,0.003720735814324901
smc,pooled,2,100,1.0,studentised,5,2000.0,2000,0.0,308.0,1692.0,3.7547112305604093,0.14,0.16,0.154,0.846,0.0,0.008071059410015515,0.008071059410015517
smc,pooled,2,100,1.0,welch_t,5,2000.0,2000,0.0,298.0,1702.0,2.998507748519609,0.1375,0.1675,0.149,0.851,0.0,0.007962380297373393,0.007962380297373393
smc,pooled,2,800,0.5,bca,5,2000.0,2000,0.0,1554.0,1984.0,1.2752509533093015,0.7375,0.8025,0.777,0.992,0.0,0.009307819293475782,0.001991983935678198
smc,pooled,2,800,0.5,patient_cluster,5,2000.0,2000,0.0,433.0,1922.0,3.026832343880298,0.165,0.2625,0.2165,0.961,0.0,0.00920944488012171,0.004328914413568374
smc,pooled,2,800,0.5,percentile,5,2000.0,2000,0.0,1471.0,1992.0,1.2539499999999995,0.7025,0.765,0.7355,0.996,0.0,0.00986254911267873,0.0014113823011501884
smc,pooled,2,800,0.5,pseudobulk_patient_t,5,2000.0,2000,0.0,88.0,1980.0,14.857307674567629,0.0275,0.0525,0.044,0.99,0.0,0.0045860658521220555,0.0022248595461287
smc,pooled,2,800,0.5,studentised,5,2000.0,2000,0.0,1528.0,1984.0,1.313652738542709,0.7275,0.7875,0.764,0.992,0.0,0.009494840704298308,0.001991983935678198
smc,pooled,2,800,0.5,welch_t,5,2000.0,2000,0.0,1409.0,1992.0,1.2508665407458082,0.67,0.72,0.7045,0.996,0.0,0.010202444560006196,0.0014113823011501884
smc,pooled,2,800,1.0,bca,5,2000.0,2000,0.0,174.0,1826.0,1.5569391574685587,0.07,0.11,0.087,0.913,0.0,0.006302023484564303,0.006302023484564302
smc,pooled,2,800,1.0,patient_cluster,5,2000.0,2000,0.0,141.0,1859.0,3.8555257940145085,0.06,0.0825,0.0705,0.9295,0.0,0.0057240610583745525,0.005724061058374553
smc,pooled,2,800,1.0,percentile,5,2000.0,2000,0.0,137.0,1863.0,1.5472312499999992,0.055,0.0875,0.0685,0.9315,0.0,0.0056483515294287415,0.0056483515294287415
smc,pooled,2,800,1.0,pseudobulk_patient_t,5,2000.0,2000,0.0,55.0,1945.0,8.361180213225536,0.0175,0.0375,0.0275,0.9725,0.0,0.0036567574434189644,0.003656757443418962
smc,pooled,2,800,1.0,studentised,5,2000.0,2000,0.0,169.0,1831.0,1.565195498379484,0.07,0.1025,0.0845,0.9155,0.0,0.006219314672855845,0.006219314672855845
smc,pooled,2,800,1.0,welch_t,5,2000.0,2000,0.0,111.0,1889.0,1.5590281314320156,0.045,0.0675,0.0555,0.9445,0.0,0.005119558086397693,0.005119558086397692
smc,pooled,5,5,0.5,patient_cluster,5,2000.0,1963,37.0,1368.0,1817.0,4.806539692012313,0.6751269035532995,0.7091836734693877,0.6968925114620479,0.9256240448293428,0.0185,0.010373398984183402,0.005922068713011092
smc,pooled,5,5,0.5,percentile,5,2000.0,2000,0.0,1494.0,723.0,1.6269750000000003,0.725,0.7625,0.747,0.3615,0.0,0.009720879589831364,0.010742852274884916
smc,pooled,5,5,0.5,pseudobulk_patient_t,5,2000.0,1963,37.0,78.0,1926.0,11.628840382147871,0.02806122448979592,0.04834605597964377,0.039735099337748346,0.9811512990320937,0.0185,0.004408821635209227,0.003069365123556647
smc,pooled,5,5,1.0,patient_cluster,5,2000.0,1965,35.0,1212.0,753.0,5.4603182563358015,0.5852417302798982,0.6358974358974359,0.616793893129771,0.383206106870229,0.0175,0.010967432393066497,0.010967432393066495
smc,pooled,5,5,1.0,percentile,5,2000.0,2000,0.0,1346.0,654.0,1.7998125,0.6475,0.705,0.673,0.327,0.0,0.01048978074127386,0.010489780741273862
smc,pooled,5,5,1.0,pseudobulk_patient_t,5,2000.0,1965,35.0,58.0,1907.0,14.518570697062085,0.02544529262086514,0.03316326530612245,0.029516539440203562,0.9704834605597964,0.0175,0.0038180842844140837,0.0038180842844140863
smc,pooled,5,50,0.5,patient_cluster,5,2000.0,2000,0.0,440.0,1976.0,5.209296183527014,0.195,0.255,0.22,0.988,0.0,0.009262828941527529,0.0024347484469653133
smc,pooled,5,50,0.5,percentile,5,2000.0,2000,0.0,891.0,1755.0,2.5832437499999994,0.4175,0.5,0.4455,0.8775,0.0,0.011113724623185514,0.007331226022978695
smc,pooled,5,50,0.5,pseudobulk_patient_t,5,2000.0,2000,0.0,114.0,1975.0,5.891121631303165,0.05,0.0675,0.057,0.9875,0.0,0.00518415856238985,0.0024843258642939696
smc,pooled,5,50,1.0,patient_cluster,5,2000.0,2000,0.0,202.0,1798.0,7.025948186276214,0.0825,0.1125,0.101,0.899,0.0,0.006737915107805975,0.006737915107805974
smc,pooled,5,50,1.0,percentile,5,2000.0,2000,0.0,388.0,1612.0,4.330456249999999,0.1725,0.215,0.194,0.806,0.0,0.008842058583836685,0.008842058583836684
smc,pooled,5,50,1.0,pseudobulk_patient_t,5,2000.0,2000,0.0,60.0,1940.0,7.3895464458174125,0.025,0.0375,0.03,0.97,0.0,0.00381444622455213,0.003814446224552132
smc,pooled,5,100,0.5,patient_cluster,5,2000.0,2000,0.0,290.0,1985.0,4.637009925680695,0.135,0.165,0.145,0.9925,0.0,0.007873214083206426,0.0019292161620720412
smc,pooled,5,100,0.5,percentile,5,2000.0,2000,0.0,989.0,1910.0,2.250868749999998,0.48,0.51,0.4945,0.955,0.0,0.011179663456473098,0.004635461142108735
smc,pooled,5,100,0.5,pseudobulk_patient_t,5,2000.0,2000,0.0,139.0,1957.0,5.290757396111639,0.06,0.08,0.0695,0.9785,0.0,0.005686376262612245,0.003243281517229114
smc,pooled,5,100,1.0,patient_cluster,5,2000.0,2000,0.0,90.0,1910.0,6.4231816406214275,0.035,0.05,0.045,0.955,0.0,0.004635461142108733,0.004635461142108735
smc,pooled,5,100,1.0,percentile,5,2000.0,2000,0.0,245.0,1755.0,3.5221874999999994,0.11,0.1375,0.1225,0.8775,0.0,0.007331226022978693,0.007331226022978695
smc,pooled,5,100,1.0,pseudobulk_patient_t,5,2000.0,2000,0.0,44.0,1956.0,5.807565627864893,0.0175,0.0275,0.022,0.978,0.0,0.003279939023823461,0.0032799390238234627
smc,pooled,5,800,0.5,patient_cluster,5,2000.0,2000,0.0,95.0,2000.0,4.378343961089704,0.04,0.0525,0.0475,1.0,0.0,0.004756245893559331,0.0
smc,pooled,5,800,0.5,percentile,5,2000.0,2000,0.0,1547.0,1991.0,1.51744375,0.75,0.7925,0.7735,0.9955,0.0,0.009359427065798419,0.0014966211945579198
smc,pooled,5,800,0.5,pseudobulk_patient_t,5,2000.0,2000,0.0,146.0,1981.0,4.0931070236651195,0.0575,0.085,0.073,0.9905,0.0,0.005816829033072916,0.0021690723823791537
smc,pooled,5,800,1.0,patient_cluster,5,2000.0,2000,0.0,6.0,1994.0,5.562162999077067,0.0025,0.005,0.003,0.997,0.0,0.0012229063741758812,0.0012229063741758816
smc,pooled,5,800,1.0,percentile,5,2000.0,2000,0.0,125.0,1875.0,1.9365374999999996,0.05,0.075,0.0625,0.9375,0.0,0.005412658773652742,0.005412658773652742
smc,pooled,5,800,1.0,pseudobulk_patient_t,5,2000.0,2000,0.0,30.0,1970.0,3.3294693153318695,0.0075,0.0225,0.015,0.985,0.0,0.0027179955849853765,0.002717995584985378
smc,reference,2,5,0.5,bca,5,2000.0,2000,0.0,1035.0,1347.0,9.437857012459503,0.49,0.545,0.5175,0.6735,0.0,0.011173489830845151,0.010485650909695592
smc,reference,2,5,0.5,patient_cluster,5,2000.0,1445,555.0,682.0,1150.0,13.119963469641538,0.4471830985915493,0.5034246575342466,0.47197231833910036,0.7958477508650519,0.2775,0.013132659546139932,0.01060371771026347
smc,reference,2,5,0.5,percentile,5,2000.0,2000,0.0,1129.0,1308.0,8.702274999999997,0.5425,0.59,0.5645,0.654,0.0,0.011086923603957953,0.010636822833910509
smc,reference,2,5,0.5,pseudobulk_patient_t,5,2000.0,1445,555.0,84.0,1406.0,82.36572414128865,0.039735099337748346,0.0684931506849315,0.05813148788927336,0.9730103806228374,0.2775,0.00615555101579013,0.0042630771594183775
smc,reference,2,5,0.5,studentised,5,2000.0,2000,0.0,828.0,1432.0,16.177676368244477,0.3825,0.435,0.414,0.716,0.0,0.01101371871803525,0.010083253443209686
smc,reference,2,5,0.5,welch_t,5,2000.0,2000,0.0,990.0,1395.0,13.251059141447236,0.4725,0.52,0.495,0.6975,0.0,0.01117978085652845,0.010271167168340705
smc,reference,2,5,1.0,bca,5,2000.0,2000,0.0,695.0,1305.0,17.227152575643963,0.2975,0.3925,0.3475,0.6525,0.0,0.010647622974166581,0.010647622974166581
smc,reference,2,5,1.0,patient_cluster,5,2000.0,1421,579.0,511.0,910.0,16.602008643143215,0.34275618374558303,0.3888888888888889,0.35960591133004927,0.6403940886699507,0.2895,0.012730340775515627,0.012730340775515627
smc,reference,2,5,1.0,percentile,5,2000.0,2000,0.0,743.0,1257.0,15.129193749999995,0.3275,0.4125,0.3715,0.6285,0.0,0.010804807957571482,0.010804807957571482
smc,reference,2,5,1.0,pseudobulk_patient_t,5,2000.0,1421,579.0,50.0,1371.0,116.74279455810239,0.020833333333333332,0.04693140794223827,0.03518648838845883,0.9648135116115412,0.2895,0.004887790834551711,0.004887790834551712
smc,reference,2,5,1.0,studentised,5,2000.0,2000,0.0,555.0,1445.0,38.07703761475706,0.2475,0.3175,0.2775,0.7225,0.0,0.010012336140981284,0.010012336140981284
smc,reference,2,5,1.0,welch_t,5,2000.0,2000,0.0,647.0,1353.0,25.02432509415203,0.2825,0.3625,0.3235,0.6765,0.0,0.010460586742625864,0.010460586742625864
smc,reference,2,50,0.5,bca,5,2000.0,2000,0.0,1387.0,1872.0,5.76953528041888,0.675,0.7125,0.6935,0.936,0.0,0.010309164612130316,0.00547284204047586
smc,reference,2,50,0.5,patient_cluster,5,2000.0,1987,13.0,783.0,1837.0,12.120824016370715,0.37279596977329976,0.42278481012658226,0.39406139909411175,0.9245093105183694,0.0065,0.01096218996718951,0.005926569845830141
smc,reference,2,50,0.5,percentile,5,2000.0,2000,0.0,1523.0,1873.0,5.4660375000000005,0.745,0.79,0.7615,0.9365,0.0,0.009529369076701774,0.005452877680637995
smc,reference,2,50,0.5,pseudobulk_patient_t,5,2000.0,1987,13.0,136.0,1946.0,55.854148926583974,0.05037783375314862,0.08860759493670886,0.06844489179667841,0.9793658782083543,0.0065,0.005664686280019527,0.0031890883105375528
smc,reference,2,50,0.5,studentised,5,2000.0,2000,0.0,1324.0,1883.0,6.010084705787387,0.645,0.67,0.662,0.9415,0.0,0.010577239715540155,0.0052477495176503994
smc,reference,2,50,0.5,welch_t,5,2000.0,2000,0.0,1553.0,1883.0,5.612929978407493,0.7575,0.8025,0.7765,0.9415,0.0,0.009315249594079592,0.0052477495176503994
smc,reference,2,50,1.0,bca,5,2000.0,2000,0.0,166.0,1834.0,10.476762393761941,0.0675,0.095,0.083,0.917,0.0,0.006168914004912048,0.006168914004912047
smc,reference,2,50,1.0,patient_cluster,5,2000.0,1985,15.0,237.0,1748.0,15.741632709305302,0.11083123425692695,0.1309823677581864,0.11939546599496222,0.8806045340050378,0.0075,0.007277867096094648,0.007277867096094647
smc,reference,2,50,1.0,percentile,5,2000.0,2000,0.0,178.0,1822.0,9.6967875,0.0675,0.1025,0.089,0.911,0.0,0.006367063687446514,0.006367063687446513
smc,reference,2,50,1.0,pseudobulk_patient_t,5,2000.0,1985,15.0,55.0,1930.0,50.105322742749095,0.015189873417721518,0.04030226700251889,0.027707808564231738,0.9722921914357683,0.0075,0.0036839967008794254,0.003683996700879424
smc,reference,2,50,1.0,studentised,5,2000.0,2000,0.0,138.0,1862.0,11.767088980568907,0.0525,0.0825,0.069,0.931,0.0,0.005667406814408156,0.0056674068144081545
smc,reference,2,50,1.0,welch_t,5,2000.0,2000,0.0,181.0,1819.0,10.091618455044976,0.07,0.1,0.0905,0.9095,0.0,0.006415206543830058,0.006415206543830059
smc,reference,2,100,0.5,bca,5,2000.0,2000,0.0,1680.0,1911.0,4.330300862615351,0.8125,0.85,0.84,0.9555,0.0,0.00819756061276768,0.004610843198374891
smc,reference,2,100,0.5,patient_cluster,5,2000.0,2000,0.0,722.0,1885.0,10.795753455087883,0.3375,0.395,0.361,0.9425,0.0,0.01073962289840756,0.005205465877325487
smc,reference,2,100,0.5,percentile,5,2000.0,2000,0.0,1735.0,1919.0,4.292381249999998,0.8375,0.89,0.8675,0.9595,0.0,0.007581020709640621,0.004407933189148855
smc,reference,2,100,0.5,pseudobulk_patient_t,5,2000.0,2000,0.0,140.0,1975.0,47.68251861232551,0.06,0.09,0.07,0.9875,0.0,0.005705260730238366,0.0024843258642939696
smc,reference,2,100,0.5,studentised,5,2000.0,2000,0.0,1674.0,1906.0,4.436120428697362,0.805,0.8475,0.837,0.953,0.0,0.00825926752200218,0.004732388403332932
smc,reference,2,100,0.5,welch_t,5,2000.0,2000,0.0,1754.0,1930.0,4.336384478397301,0.845,0.9,0.877,0.965,0.0,0.007344079247938437,0.00410944035119139
smc,reference,2,100,1.0,bca,5,2000.0,2000,0.0,130.0,1870.0,7.643316861928541,0.05,0.0825,0.065,0.935,0.0,0.005512485827646181,0.005512485827646179
smc,reference,2,100,1.0,patient_cluster,5,2000.0,1998,2.0,174.0,1824.0,14.767168174670882,0.08,0.095,0.08708708708708708,0.9129129129129129,0.001,0.006308030947079755,0.006308030947079756
smc,reference,2,100,1.0,percentile,5,2000.0,2000,0.0,138.0,1862.0,7.37939375,0.0525,0.0825,0.069,0.931,0.0,0.005667406814408156,0.0056674068144081545
smc,reference,2,100,1.0,pseudobulk_patient_t,5,2000.0,1998,2.0,61.0,1937.0,34.82168351105684,0.02,0.042606516290726815,0.03053053053053053,0.9694694694694694,0.001,0.0038488988867815305,0.0038488988867815327
smc,reference,2,100,1.0,studentised,5,2000.0,2000,0.0,119.0,1881.0,8.26217796075107,0.045,0.08,0.0595,0.9405,0.0,0.005289600646551685,0.005289600646551685
smc,reference,2,100,1.0,welch_t,5,2000.0,2000,0.0,138.0,1862.0,7.522217084645872,0.0525,0.0825,0.069,0.931,0.0,0.005667406814408156,0.0056674068144081545
smc,reference,2,800,0.5,bca,5,2000.0,2000,0.0,1993.0,1992.0,2.8281405820839036,0.9925,1.0,0.9965,0.996,0.0,0.0013205585939290896,0.0014113823011501884
smc,reference,2,800,0.5,patient_cluster,5,2000.0,2000,0.0,713.0,1951.0,10.853381423752865,0.31,0.385,0.3565,0.9755,0.0,0.010709989495793168,0.0034568591235397466
smc,reference,2,800,0.5,percentile,5,2000.0,2000,0.0,1989.0,1993.0,2.8098062499999985,0.99,0.9975,0.9945,0.9965,0.0,0.0016537457482938467,0.0013205585939290896
smc,reference,2,800,0.5,pseudobulk_patient_t,5,2000.0,2000,0.0,142.0,1988.0,45.53554131311354,0.0575,0.1,0.071,0.994,0.0,0.005742778073371807,0.0017268468374467964
smc,reference,2,800,0.5,studentised,5,2000.0,2000,0.0,1991.0,1996.0,2.8400381443176808,0.99,1.0,0.9955,0.998,0.0,0.0014966211945579198,0.0009989994994993746
smc,reference,2,800,0.5,welch_t,5,2000.0,2000,0.0,1988.0,1995.0,2.8132314449148197,0.99,0.995,0.994,0.9975,0.0,0.0017268468374467964,0.001116635571706353
smc,reference,2,800,1.0,bca,5,2000.0,2000,0.0,114.0,1886.0,3.615519454277151,0.035,0.0725,0.057,0.943,0.0,0.00518415856238985,0.005184158562389852
smc,reference,2,800,1.0,patient_cluster,5,2000.0,2000,0.0,68.0,1932.0,14.587482527484934,0.02,0.0575,0.034,0.966,0.0,0.0040524066923249445,0.004052406692324946
smc,reference,2,800,1.0,percentile,5,2000.0,2000,0.0,108.0,1892.0,3.644631249999997,0.0275,0.07,0.054,0.946,0.0,0.005053909377897471,0.005053909377897473
smc,reference,2,800,1.0,pseudobulk_patient_t,5,2000.0,2000,0.0,70.0,1930.0,17.09377348510261,0.025,0.0425,0.035,0.965,0.0,0.004109440351191388,0.00410944035119139
smc,reference,2,800,1.0,studentised,5,2000.0,2000,0.0,116.0,1884.0,3.641325037734456,0.035,0.07,0.058,0.942,0.0,0.0052266624149642565,0.005226662414964259
smc,reference,2,800,1.0,welch_t,5,2000.0,2000,0.0,100.0,1900.0,3.7029043364002234,0.025,0.0675,0.05,0.95,0.0,0.004873397172404482,0.004873397172404485
smc,reference,5,5,0.5,patient_cluster,5,2000.0,1984,16.0,741.0,1861.0,19.33841766301329,0.34760705289672544,0.4010152284263959,0.37348790322580644,0.9380040322580645,0.008,0.01086005854763978,0.005413937533791517
smc,reference,5,5,0.5,percentile,5,2000.0,2000,0.0,1074.0,1391.0,10.12229375,0.52,0.5525,0.537,0.6955,0.0,0.011149686094236015,0.0102902806084188
smc,reference,5,5,0.5,pseudobulk_patient_t,5,2000.0,1984,16.0,187.0,1938.0,35.266489773387164,0.08564231738035265,0.11557788944723618,0.09425403225806452,0.9768145161290323,0.008,0.006559675262309543,0.0033786507441769475
smc,reference,5,5,1.0,patient_cluster,5,2000.0,1980,20.0,477.0,1503.0,24.899923686363458,0.20865139949109415,0.25879396984924624,0.2409090909090909,0.759090909090909,0.01,0.009610387394478047,0.009610387394478049
smc,reference,5,5,1.0,percentile,5,2000.0,2000,0.0,621.0,1379.0,20.161356249999994,0.285,0.3425,0.3105,0.6895,0.0,0.010346249320405922,0.010346249320405922
smc,reference,5,5,1.0,pseudobulk_patient_t,5,2000.0,1980,20.0,94.0,1886.0,46.41311395608586,0.035443037974683546,0.061068702290076333,0.047474747474747475,0.9525252525252526,0.01,0.004778999505779492,0.00477899950577949
smc,reference,5,50,0.5,patient_cluster,5,2000.0,2000,0.0,282.0,1999.0,18.360857858270116,0.125,0.1525,0.141,0.9995,0.0,0.007781998457979801,0.000499874984371065
smc,reference,5,50,0.5,percentile,5,2000.0,2000,0.0,1589.0,1877.0,6.281643749999999,0.78,0.8125,0.7945,0.9385,0.0,0.00903520198999447,0.005372045699731156
smc,reference,5,50,0.5,pseudobulk_patient_t,5,2000.0,2000,0.0,456.0,1978.0,14.498777943116387,0.1975,0.26,0.228,0.989,0.0,0.009381257911389069,0.0023322735688593665
smc,reference,5,50,1.0,patient_cluster,5,2000.0,2000,0.0,30.0,1970.0,23.953017426513508,0.01,0.03,0.015,0.985,0.0,0.0027179955849853765,0.002717995584985378
smc,reference,5,50,1.0,percentile,5,2000.0,2000,0.0,164.0,1836.0,11.177006249999998,0.0675,0.0975,0.082,0.918,0.0,0.006134981662564282,0.006134981662564281
smc,reference,5,50,1.0,pseudobulk_patient_t,5,2000.0,2000,0.0,54.0,1946.0,15.866001293510042,0.015,0.035,0.027,0.973,0.0,0.0036242930345103167,0.0036242930345103184
smc,reference,5,100,0.5,patient_cluster,5,2000.0,2000,0.0,234.0,1999.0,17.69765912496023,0.105,0.135,0.117,0.9995,0.0,0.007187176079657434,0.000499874984371065
smc,reference,5,100,0.5,percentile,5,2000.0,2000,0.0,1825.0,1935.0,5.0487312499999994,0.9,0.9325,0.9125,0.9675,0.0,0.006318375978050056,0.00396508196636589
smc,reference,5,100,0.5,pseudobulk_patient_t,5,2000.0,2000,0.0,512.0,1978.0,13.420261571783985,0.2275,0.3025,0.256,0.989,0.0,0.00975868843646522,0.0023322735688593665
smc,reference,5,100,1.0,patient_cluster,5,2000.0,2000,0.0,11.0,1989.0,23.40434784273622,0.0025,0.0075,0.0055,0.9945,0.0,0.0016537457482938543,0.0016537457482938467
smc,reference,5,100,1.0,percentile,5,2000.0,2000,0.0,154.0,1846.0,8.498412499999999,0.06,0.1,0.077,0.923,0.0,0.0059611659933271445,0.005961165993327143
smc,reference,5,100,1.0,pseudobulk_patient_t,5,2000.0,2000,0.0,51.0,1949.0,13.188510715111597,0.02,0.035,0.0255,0.9745,0.0,0.003524893615415932,0.00352489361541593
smc,reference,5,800,0.5,patient_cluster,5,2000.0,2000,0.0,183.0,2000.0,17.743048502195897,0.075,0.1175,0.0915,1.0,0.0,0.00644700511865781,0.0
smc,reference,5,800,0.5,percentile,5,2000.0,2000,0.0,1999.0,1995.0,3.2949,0.9975,1.0,0.9995,0.9975,0.0,0.000499874984371065,0.001116635571706353
smc,reference,5,800,0.5,pseudobulk_patient_t,5,2000.0,2000,0.0,679.0,1999.0,11.529701831405102,0.2975,0.3675,0.3395,0.9995,0.0,0.010588667291023928,0.000499874984371065
smc,reference,5,800,1.0,patient_cluster,5,2000.0,2000,0.0,0.0,2000.0,22.252444565813423,0.0,0.0,0.0,1.0,0.0,0.0,0.0
smc,reference,5,800,1.0,percentile,5,2000.0,2000,0.0,93.0,1907.0,4.23335625,0.035,0.0625,0.0465,0.9535,0.0,0.004708383480558906,0.004708383480558906
smc,reference,5,800,1.0,pseudobulk_patient_t,5,2000.0,2000,0.0,48.0,1952.0,6.4559529183589275,0.0125,0.0375,0.024,0.976,0.0,0.00342227994179319,0.0034222799417931915
