cohort,pool,n_held_out,n_cells_mature,candidate,null_rejection,null_rejection_mcse,null_stream_min,null_stream_max,null_abstention_rate,null_median_width,n_scored_null,discrimination,discrimination_mcse,draw_reference_inclusion,draw_reference_inclusion_mcse,alt_abstention_rate,alt_median_width,n_scored_alt,width_ratio_vs_percentile,baseline_discrimination,source_verdict,interval_object
kul3,pooled,2,5,bca,0.718,0.010061709596286309,0.705,0.7425,0.0,1.8905410490105163,2000,0.79,0.00910768905925098,0.381,0.010859074546203282,0.0,1.8028880968870298,2000,1.072559925402122,0.794,fails_null,within_patient_over_cells
kul3,pooled,2,5,patient_cluster,0.771780303030303,0.012914911912261505,0.7339449541284404,0.8215962441314554,0.472,1.1184452418741215,1056,0.8092540132200189,0.01207319334133807,0.3267233238904627,0.014412485194347,0.4705,1.025796172230434,1059,0.6345271084268286,0.794,fails_null,within_patient_over_cells
kul3,pooled,2,5,percentile,0.7225,0.010012336140981284,0.7125,0.7475,0.0,1.7626437499999996,2000,0.794,0.009043340090917736,0.5065,0.01117939510885987,0.0,1.6907374999999987,2000,1.0,0.794,fails_null,within_patient_over_cells
kul3,pooled,2,5,pseudobulk_patient_t,0.15625,0.011173389717721785,0.1320754716981132,0.18571428571428572,0.472,11.507106091259885,1056,0.16902738432483475,0.011516590146628453,0.9235127478753541,0.008167102321370209,0.4705,10.262274706878774,1059,6.528322068063889,0.794,fails_null,within_patient_over_cells
kul3,pooled,2,5,studentised,0.7085,0.010161883437631037,0.69,0.7425,0.0,2.055386968563943,2000,0.788,0.009139365404665686,0.416,0.011021433663548495,0.0,1.9892325208467474,2000,1.1660818974701743,0.794,fails_null,within_patient_over_cells
kul3,pooled,2,5,welch_t,0.7005,0.01024206400097168,0.6875,0.73,0.0,1.8347631462332274,2000,0.7825,0.00922479674572833,0.644,0.010706633457814833,0.0,1.722705135482261,2000,1.0409154692961795,0.794,fails_null,within_patient_over_cells
kul3,pooled,2,50,bca,0.328,0.01049799980948752,0.295,0.345,0.0,3.652955851881843,2000,0.474,0.011165213835838524,0.8025,0.00890207138816579,0.0,2.4176063129907988,2000,1.1384069672974684,0.495,fails_null,within_patient_over_cells
kul3,pooled,2,50,patient_cluster,0.4689138576779026,0.013658040168343977,0.45229681978798586,0.5075757575757576,0.3325,2.2970686913185006,1335,0.6096256684491979,0.013483493369417926,0.6187929717341482,0.013424042313876398,0.3455,1.6142671779886717,1309,0.7158583647296821,0.495,fails_null,within_patient_over_cells
kul3,pooled,2,50,percentile,0.3175,0.010408980497627998,0.29,0.3425,0.0,3.2088312499999985,2000,0.495,0.01117978085652845,0.8895,0.007010340576605391,0.0,2.2552062500000005,2000,1.0,0.495,fails_null,within_patient_over_cells
kul3,pooled,2,50,pseudobulk_patient_t,0.06292134831460675,0.006645786716357204,0.048507462686567165,0.08139534883720931,0.3325,22.345077000658627,1335,0.08021390374331551,0.007507553282831622,0.961038961038961,0.005348302201930485,0.3455,14.412254005327114,1309,6.963618607447381,0.495,passes_by_abstention,within_patient_over_cells
kul3,pooled,2,50,studentised,0.325,0.010473180032826705,0.2975,0.345,0.0,3.935032912097471,2000,0.4875,0.011176845485198405,0.834,0.008319975961503736,0.0,2.5405588646862234,2000,1.2263134473330353,0.495,fails_null,within_patient_over_cells
kul3,pooled,2,50,welch_t,0.3095,0.010337063170939801,0.2825,0.335,0.0,3.3086504007844146,2000,0.495,0.01117978085652845,0.9285,0.005761412587204635,0.0,2.2876261180669033,2000,1.0311076348388268,0.495,fails_null,within_patient_over_cells
kul3,pooled,2,100,bca,0.2205,0.009270376205958419,0.185,0.2675,0.0,4.03814207025054,2000,0.4245,0.011052143457266558,0.91,0.0063992187023104614,0.0,2.4094545336585353,2000,1.176141469943235,0.4385,fails_null,within_patient_over_cells
kul3,pooled,2,100,patient_cluster,0.4135618479880775,0.013443275037109481,0.36666666666666664,0.43023255813953487,0.329,2.033944406263859,1342,0.6173205033308661,0.013223465099445896,0.7135455218356773,0.012300166093970078,0.3245,1.4757518832656584,1351,0.5924027243592187,0.4385,fails_null,within_patient_over_cells
kul3,pooled,2,100,percentile,0.1985,0.008919017602852906,0.165,0.2325,0.0,3.4333812499999987,2000,0.4385,0.011095443884766396,0.96,0.004381780460041331,0.0,2.2643312499999992,2000,1.0,0.4385,fails_null,within_patient_over_cells
kul3,pooled,2,100,pseudobulk_patient_t,0.05812220566318927,0.006386928649966114,0.03597122302158273,0.08333333333333333,0.329,17.739114300122516,1342,0.08290155440414508,0.007501733660053633,0.9674315321983715,0.004829265790267112,0.3245,12.7505322847219,1351,5.166660212908928,0.4385,passes_by_abstention,within_patient_over_cells
kul3,pooled,2,100,studentised,0.213,0.009155080556718221,0.175,0.255,0.0,4.141368445557655,2000,0.432,0.011076461528845753,0.9295,0.005724061058374553,0.0,2.407422836120097,2000,1.2062069848950379,0.4385,fails_null,within_patient_over_cells
kul3,pooled,2,100,welch_t,0.1905,0.008780938161722813,0.1575,0.2175,0.0,3.5704353266125928,2000,0.438,0.01109405246066558,0.9765,0.0033873108803297025,0.0,2.280230405550376,2000,1.039918105981558,0.4385,fails_null,within_patient_over_cells
kul3,pooled,2,800,bca,0.085,0.0062359842847781455,0.075,0.1,0.0,2.184186310815832,2000,0.625,0.010825317547305483,0.9895,0.0022792268425937726,0.0,1.727127815220281,2000,1.0177675029793996,0.5485,fails_null,within_patient_over_cells
kul3,pooled,2,800,patient_cluster,0.26730486008836524,0.012009230981374065,0.23308270676691728,0.291044776119403,0.321,1.3994261515209006,1358,0.7075892857142857,0.012407595613622528,0.8385416666666666,0.01003674572903401,0.328,1.0874133675283304,1344,0.6520920183340496,0.5485,fails_null,within_patient_over_cells
kul3,pooled,2,800,percentile,0.0585,0.0052477495176503994,0.0425,0.0675,0.0,2.1460562499999982,2000,0.5485,0.011127617669564317,0.9925,0.0019292161620720412,0.0,1.6687562499999982,2000,1.0,0.5485,calibrated_but_underpowered,within_patient_over_cells
kul3,pooled,2,800,pseudobulk_patient_t,0.048600883652430045,0.005835170759398139,0.029850746268656716,0.06390977443609022,0.321,10.088243832919005,1358,0.10714285714285714,0.008436706986813107,0.9709821428571429,0.004578662753619155,0.328,8.334686422246232,1344,4.70082917580516,0.5485,passes_by_abstention,within_patient_over_cells
kul3,pooled,2,800,studentised,0.0815,0.006117914268768401,0.0675,0.095,0.0,2.1718916609099113,2000,0.6125,0.01089366214824014,0.99,0.0022248595461287,0.0,1.7713132291945664,2000,1.01203855253557,0.5485,fails_null,within_patient_over_cells
kul3,pooled,2,800,welch_t,0.0475,0.004756245893559331,0.0375,0.055,0.0,2.1640614509702774,2000,0.488,0.011177119485806708,0.994,0.0017268468374467964,0.0,1.6816334963625887,2000,1.0083899016953908,0.5485,calibrated_but_underpowered,within_patient_over_cells
kul3,pooled,5,5,patient_cluster,0.732992327365729,0.01000548635659817,0.6796875,0.783375314861461,0.0225,1.7206103762102005,1955,0.8012295081967213,0.009032636164583545,0.4646516393442623,0.011288651576038687,0.024,1.5796989497249072,1952,0.9351746892416022,0.7895,fails_null,within_patient_over_cells
kul3,pooled,5,5,percentile,0.721,0.010028933143659899,0.6675,0.7625,0.0,1.83988125,2000,0.7895,0.009115639034099584,0.495,0.01117978085652845,0.0,1.7499500000000001,2000,1.0,0.7895,fails_null,within_patient_over_cells
kul3,pooled,5,5,pseudobulk_patient_t,0.24040920716112532,0.009664780903342218,0.22422680412371135,0.2518891687657431,0.0225,5.848571520938611,1955,0.26741803278688525,0.010018058196288345,0.9293032786885246,0.005801475527196979,0.024,5.059600980848764,1952,3.17877663079539,0.7895,fails_null,within_patient_over_cells
kul3,pooled,5,50,patient_cluster,0.3765,0.01083392241988099,0.3525,0.3925,0.0,3.016209395036628,2000,0.532,0.011157419056394717,0.7845,0.009194012997597948,0.0,2.151120610223085,2000,0.9866304322257151,0.5145,fails_null,within_patient_over_cells
kul3,pooled,5,50,percentile,0.333,0.010538287337134057,0.305,0.3525,0.0,3.0570812499999986,2000,0.5145,0.011175637565705145,0.8755,0.007382403064043579,0.0,2.1344499999999997,2000,1.0,0.5145,fails_null,within_patient_over_cells
kul3,pooled,5,50,pseudobulk_patient_t,0.181,0.008609268261588785,0.16,0.2075,0.0,5.213017890289729,2000,0.3255,0.01047735057159013,0.9515,0.004803527349771207,0.0,3.628267733886426,2000,1.7052271313658187,0.5145,fails_null,within_patient_over_cells
kul3,pooled,5,100,patient_cluster,0.25,0.009682458365518542,0.2175,0.295,0.0,3.1821765888385563,2000,0.4495,0.011123168388548292,0.882,0.007213736895673421,0.0,2.1823325940206875,2000,0.890899641493982,0.4275,fails_null,within_patient_over_cells
kul3,pooled,5,100,percentile,0.224,0.009322660564452618,0.18,0.2625,0.0,3.5718687499999984,2000,0.4275,0.011062182198824967,0.962,0.004275277768753747,0.0,2.29508125,2000,1.0,0.4275,fails_null,within_patient_over_cells
kul3,pooled,5,100,pseudobulk_patient_t,0.12,0.0072663608498339805,0.095,0.1475,0.0,5.859509905694983,2000,0.248,0.009656500401284102,0.975,0.003491060010942237,0.0,3.7482145732753755,2000,1.6404605868272695,0.4275,fails_null,within_patient_over_cells
kul3,pooled,5,800,patient_cluster,0.113,0.0070792301841372555,0.0925,0.1375,0.0,2.0593624748557433,2000,0.5365,0.011150510078018852,0.9675,0.00396508196636589,0.0,1.5507516162593957,2000,0.933728919352872,0.493,fails_null,within_patient_over_cells
kul3,pooled,5,800,percentile,0.072,0.005779965397820302,0.0575,0.09,0.0,2.205525,2000,0.493,0.01117924416049672,0.9915,0.0020527725154044657,0.0,1.705537499999999,2000,1.0,0.493,fails_null,within_patient_over_cells
kul3,pooled,5,800,pseudobulk_patient_t,0.044,0.0045860658521220555,0.025,0.0675,0.0,3.2397428831266595,2000,0.2,0.00894427190999916,0.991,0.002111752826445369,0.0,2.697839730447269,2000,1.4689214056184623,0.493,calibrated_but_underpowered,within_patient_over_cells
kul3,reference,2,5,bca,0.6005,0.010952163028370241,0.585,0.6275,0.0,3.854389740379409,2000,0.6755,0.010468995892634595,0.4195,0.011034485715247448,0.0,3.44782055042339,2000,1.037396876316432,0.703,fails_null,within_patient_over_cells
kul3,reference,2,5,patient_cluster,0.6327868852459017,0.013800915956377433,0.6042553191489362,0.6454183266932271,0.39,4.631268381084963,1220,0.7358953393295176,0.01260616044557454,0.5674570727718724,0.014166673528600305,0.3885,4.2070048309178745,1223,1.2464913191284257,0.703,fails_null,within_patient_over_cells
kul3,reference,2,5,percentile,0.6125,0.01089366214824014,0.6025,0.635,0.0,3.7154437499999986,2000,0.703,0.010217411609600545,0.4215,0.01104168805029376,0.0,3.3657500000000002,2000,1.0,0.703,fails_null,within_patient_over_cells
kul3,reference,2,5,pseudobulk_patient_t,0.08360655737704918,0.0079246710093893,0.06276150627615062,0.09561752988047809,0.39,47.90343868930845,1220,0.09566639411283728,0.008410674171834416,0.9599345870809485,0.005607798536041742,0.3885,43.38929769880698,1223,12.893059863793784,0.703,fails_null,within_patient_over_cells
kul3,reference,2,5,studentised,0.5865,0.011011760758389187,0.5725,0.6075,0.0,4.1463557211339435,2000,0.6665,0.010542242408520116,0.4245,0.011052143457266558,0.0,3.62405938609353,2000,1.1159786017844961,0.703,fails_null,within_patient_over_cells
kul3,reference,2,5,welch_t,0.5955,0.010974510239641676,0.58,0.6175,0.0,4.038392859630786,2000,0.678,0.010447870596442128,0.434,0.011082508741255295,0.0,3.4883956324738072,2000,1.08692073716115,0.703,fails_null,within_patient_over_cells
kul3,reference,2,50,bca,0.168,0.008359904305672404,0.145,0.1875,0.0,9.650787545088026,2000,0.408,0.010989449485756782,0.86,0.00775886589650833,0.0,5.024195325544602,2000,1.1929068065184907,0.493,fails_null,within_patient_over_cells
kul3,reference,2,50,patient_cluster,0.2614232209737828,0.012026223547568311,0.25190839694656486,0.2826855123674912,0.3325,6.536825175500963,1335,0.5408708938120703,0.013773502590024241,0.8456837280366692,0.009984815062582409,0.3455,4.824362777543745,1309,0.8079986434729252,0.493,fails_null,within_patient_over_cells
kul3,reference,2,50,percentile,0.1735,0.008467518821945422,0.1525,0.195,0.0,8.09014375,2000,0.493,0.01117924416049672,0.8745,0.007407757757918383,0.0,4.706437499999998,2000,1.0,0.493,fails_null,within_patient_over_cells
kul3,reference,2,50,pseudobulk_patient_t,0.04644194756554307,0.005759544631387592,0.030534351145038167,0.05653710247349823,0.3325,43.67044360623739,1335,0.07792207792207792,0.00740873824371798,0.972498090145149,0.004520182633294776,0.3455,31.882005992526707,1309,5.397981167669288,0.493,passes_by_abstention,within_patient_over_cells
kul3,reference,2,50,studentised,0.1655,0.008309926293295267,0.15,0.185,0.0,12.412444374335042,2000,0.4185,0.011030814793114786,0.8635,0.007676840170278393,0.0,5.1174824935120835,2000,1.5342674688981939,0.493,fails_null,within_patient_over_cells
kul3,reference,2,50,welch_t,0.1835,0.00865528018032923,0.1725,0.2,0.0,8.521066862866949,2000,0.5205,0.011170938859379725,0.881,0.0072401312142805815,0.0,4.8412165555282485,2000,1.0532651985160275,0.493,fails_null,within_patient_over_cells
kul3,reference,2,100,bca,0.1125,0.0070655413805312895,0.0975,0.1475,0.0,7.244625716182897,2000,0.467,0.011155962531310331,0.942,0.005226662414964259,0.0,4.302984272677128,2000,1.0731099620422948,0.528,fails_null,within_patient_over_cells
kul3,reference,2,100,patient_cluster,0.22131147540983606,0.011332026883130758,0.17625899280575538,0.24031007751937986,0.329,5.921445543641522,1342,0.5203552923760177,0.013591961694449964,0.8719467061435974,0.009091021257117176,0.3245,4.57723416489106,1351,0.8771139395619051,0.528,fails_null,within_patient_over_cells
kul3,reference,2,100,percentile,0.1165,0.007173832657652393,0.1075,0.1425,0.0,6.75105625,2000,0.528,0.011162795348836239,0.955,0.004635461142108735,0.0,4.21393125,2000,1.0,0.528,fails_null,within_patient_over_cells
kul3,reference,2,100,pseudobulk_patient_t,0.05067064083457526,0.0059870156943159615,0.04044117647058824,0.06060606060606061,0.329,35.108276961060085,1342,0.08734270910436713,0.007681384742017893,0.9674315321983715,0.004829265790267112,0.3245,26.646328877751273,1351,5.200412448209135,0.528,passes_by_abstention,within_patient_over_cells
kul3,reference,2,100,studentised,0.1085,0.006954414065900879,0.095,0.13,0.0,7.9939289201167805,2000,0.4715,0.01116216264887768,0.941,0.005268728499363013,0.0,4.306719230494036,2000,1.1841004761464964,0.528,fails_null,within_patient_over_cells
kul3,reference,2,100,welch_t,0.118,0.007213736895673421,0.095,0.15,0.0,6.852282508701601,2000,0.5525,0.011118537448783451,0.961,0.004328914413568374,0.0,4.251654722943153,2000,1.0149941364659196,0.528,fails_null,within_patient_over_cells
kul3,reference,2,800,bca,0.056,0.005141206084179081,0.0425,0.0725,0.0,3.7622860821667516,2000,0.9045,0.006571900410079265,0.9955,0.0014966211945579198,0.0,3.0681766998570437,2000,1.0004067884396264,0.886,pass,within_patient_over_cells
kul3,reference,2,800,patient_cluster,0.11929307805596466,0.008795761446770623,0.11567164179104478,0.12639405204460966,0.321,5.685144128081944,1358,0.49181547619047616,0.013636790812656884,0.9293154761904762,0.006991077535448686,0.328,4.2946218850410425,1344,1.5117023678633643,0.886,fails_null,within_patient_over_cells
kul3,reference,2,800,percentile,0.0505,0.00489641450451246,0.0375,0.0625,0.0,3.7607562499999987,2000,0.886,0.007106475919891659,0.9965,0.0013205585939290896,0.0,3.0163624999999987,2000,1.0,0.886,pass,within_patient_over_cells
kul3,reference,2,800,pseudobulk_patient_t,0.036818851251840944,0.005110215551046349,0.018656716417910446,0.04878048780487805,0.321,16.800250654962127,1358,0.10044642857142858,0.00819938221570693,0.9791666666666666,0.0038959022997036266,0.328,18.496365270003825,1344,4.467253269860851,0.886,passes_by_abstention,within_patient_over_cells
kul3,reference,2,800,studentised,0.0595,0.005289600646551685,0.0475,0.0725,0.0,3.7768849303427667,2000,0.9,0.006708203932499368,0.9945,0.0016537457482938467,0.0,3.0815364941652437,2000,1.0042886800607638,0.886,pass,within_patient_over_cells
kul3,reference,2,800,welch_t,0.0465,0.004708383480558906,0.0325,0.0575,0.0,3.7827354846847863,2000,0.8685,0.007556710593902613,0.996,0.0014113823011501884,0.0,3.0404210703178727,2000,1.0058443656604406,0.886,pass,within_patient_over_cells
kul3,reference,5,5,patient_cluster,0.622802611752888,0.010862353221199085,0.6075,0.6507537688442211,0.0045,5.197431905307646,1991,0.6900702106318957,0.010356564720679065,0.6780341023069207,0.010463286783742524,0.003,4.79707406440354,1994,1.495984041277222,0.687,fails_null,within_patient_over_cells
kul3,reference,5,5,percentile,0.605,0.010931033802893484,0.5875,0.65,0.0,3.4742562499999994,2000,0.687,0.01036896812609625,0.4135,0.011011760758389187,0.0,3.1374749999999993,2000,1.0,0.687,fails_null,within_patient_over_cells
kul3,reference,5,5,pseudobulk_patient_t,0.1868407835258664,0.008735504751491947,0.145,0.21265822784810126,0.0045,16.139638317276493,1991,0.21464393179538616,0.009194540548450106,0.966900702106319,0.004006247276195927,0.003,13.949195565454936,1994,4.64549450469478,0.687,fails_null,within_patient_over_cells
kul3,reference,5,50,patient_cluster,0.183,0.008646126300257243,0.1675,0.2125,0.0,8.175459723969768,2000,0.437,0.01109123527836282,0.964,0.0041655731898503495,0.0,5.709556180386177,2000,0.9750551649190426,0.4745,fails_null,within_patient_over_cells
kul3,reference,5,50,percentile,0.192,0.008807269724494646,0.175,0.2,0.0,8.384612500000001,2000,0.4745,0.011165790388503629,0.877,0.007344079247938437,0.0,4.879037499999999,2000,1.0,0.4745,fails_null,within_patient_over_cells
kul3,reference,5,50,pseudobulk_patient_t,0.087,0.006302023484564303,0.0775,0.095,0.0,13.511222136173156,2000,0.232,0.009438643970401681,0.991,0.002111752826445369,0.0,8.866862435930862,2000,1.6114307174211275,0.4745,fails_null,within_patient_over_cells
kul3,reference,5,100,patient_cluster,0.1035,0.006811304941052044,0.0925,0.11,0.0,7.348624341205593,2000,0.44,0.011099549540409287,0.989,0.0023322735688593665,0.0,5.219198830882717,2000,1.056021748234376,0.54,fails_null,within_patient_over_cells
kul3,reference,5,100,percentile,0.1175,0.007200477414727443,0.09,0.135,0.0,6.958781249999998,2000,0.54,0.011144505372604026,0.953,0.004732388403332932,0.0,4.22093125,2000,1.0,0.54,fails_null,within_patient_over_cells
kul3,reference,5,100,pseudobulk_patient_t,0.0475,0.004756245893559331,0.04,0.055,0.0,10.802106756562498,2000,0.229,0.009395717109406818,0.9905,0.0021690723823791537,0.0,7.5139390372846355,2000,1.5522986523771676,0.54,calibrated_but_underpowered,within_patient_over_cells
kul3,reference,5,800,patient_cluster,0.012,0.002434748446965312,0.0025,0.0225,0.0,5.818358558066668,2000,0.4315,0.01107492099294618,0.9985,0.0008653756409790912,0.0,4.526638491001513,2000,1.5529651273161207,0.877,passes_by_width,within_patient_over_cells
kul3,reference,5,800,percentile,0.0565,0.005162739098579358,0.045,0.0725,0.0,3.7466124999999995,2000,0.877,0.007344079247938437,0.9955,0.0014966211945579198,0.0,2.94404375,2000,1.0,0.877,pass,within_patient_over_cells
kul3,reference,5,800,pseudobulk_patient_t,0.0265,0.0035915003828483716,0.02,0.0375,0.0,5.482678252218367,2000,0.337,0.01056955533596376,0.991,0.002111752826445369,0.0,5.200003167668628,2000,1.4633694443229364,0.877,passes_by_width,within_patient_over_cells
smc,pooled,2,5,bca,0.6435,0.010709989495793168,0.625,0.6575,0.0,1.610336211416613,2000,0.714,0.010104553429023966,0.4575,0.011139877692326787,0.0,1.38026970731115,2000,1.0266563882734498,0.726,fails_null,within_patient_over_cells
smc,pooled,2,5,patient_cluster,0.5929899856938483,0.013139312485434086,0.5698924731182796,0.6226415094339622,0.301,3.2943901959890667,1398,0.6907433380084151,0.012239343448661082,0.7300140252454418,0.011756456499227363,0.287,2.7866275446530016,1426,2.1003109265004167,0.726,fails_null,within_patient_over_cells
smc,pooled,2,5,percentile,0.6505,0.010661842007833357,0.6425,0.67,0.0,1.5685250000000002,2000,0.726,0.00997306372184596,0.5085,0.01117872421164419,0.0,1.34084375,2000,1.0,0.726,fails_null,within_patient_over_cells
smc,pooled,2,5,pseudobulk_patient_t,0.0407725321888412,0.005289213036038017,0.024475524475524476,0.06037735849056604,0.301,31.2938421198036,1398,0.04417952314165498,0.0054417541153358685,0.9789621318373072,0.003800353960950836,0.287,24.105256433008243,1426,19.95112740938372,0.726,passes_by_abstention,within_patient_over_cells
smc,pooled,2,5,studentised,0.6315,0.010786745338608862,0.62,0.6475,0.0,1.7719916212544273,2000,0.706,0.010187345090846782,0.485,0.01117530760203047,0.0,1.5525695359080718,2000,1.1297184432855243,0.726,fails_null,within_patient_over_cells
smc,pooled,2,5,welch_t,0.621,0.010848018252197035,0.615,0.63,0.0,1.671714128975331,2000,0.7025,0.010222371300241445,0.557,0.011107452453195558,0.0,1.382456226868816,2000,1.0657873664591453,0.726,fails_null,within_patient_over_cells
smc,pooled,2,50,bca,0.2335,0.009459855971419438,0.2,0.2625,0.0,4.400090748467526,2000,0.4615,0.011147146495852649,0.878,0.007318333143551201,0.0,2.3583932906493232,2000,1.1714188347531573,0.502,fails_null,within_patient_over_cells
smc,pooled,2,50,patient_cluster,0.2213855421686747,0.00930231822942239,0.18434343434343434,0.245,0.004,4.923082113257325,1992,0.34420471650777723,0.010642383471838194,0.8795785248369292,0.007290136009151138,0.0035,3.454861291158932,1993,1.3106527665399967,0.502,fails_null,within_patient_over_cells
smc,pooled,2,50,percentile,0.2305,0.009417264730270674,0.2025,0.2625,0.0,3.756206249999999,2000,0.502,0.011180250444422075,0.9175,0.0061519813881382975,0.0,2.1752312499999995,2000,1.0,0.502,fails_null,within_patient_over_cells
smc,pooled,2,50,pseudobulk_patient_t,0.030120481927710843,0.0038295274342345247,0.020050125313283207,0.0425,0.004,21.215625693387906,1992,0.042147516307074764,0.0045007165163083096,0.9769192172604114,0.0033635736651903897,0.0035,16.57780336110399,1993,5.648152492528308,0.502,passes_by_width,within_patient_over_cells
smc,pooled,2,50,studentised,0.223,0.009307819293475782,0.19,0.245,0.0,5.554313318085425,2000,0.454,0.011132924144177037,0.891,0.006968464680257768,0.0,2.529253372604618,2000,1.4787029647494534,0.502,fails_null,within_patient_over_cells
smc,pooled,2,50,welch_t,0.223,0.009307819293475782,0.2025,0.255,0.0,4.006174293251281,2000,0.5065,0.01117939510885987,0.935,0.005512485827646179,0.0,2.2466884084672287,2000,1.066548007913911,0.502,fails_null,within_patient_over_cells
smc,pooled,2,100,bca,0.161,0.008218241904446474,0.15,0.175,0.0,3.3130521587903528,2000,0.499,0.011180317526796813,0.9385,0.005372045699731156,0.0,1.9271487653858341,2000,1.107155513564481,0.522,fails_null,within_patient_over_cells
smc,pooled,2,100,patient_cluster,0.147,0.007918049002121673,0.13,0.165,0.0,3.923704899122204,2000,0.2945,0.010192392996740265,0.9,0.006708203932499368,0.0,3.2079748815259546,2000,1.3112233989848296,0.522,fails_null,within_patient_over_cells
smc,pooled,2,100,percentile,0.1585,0.008166325673153136,0.1425,0.1775,0.0,2.9924,2000,0.522,0.0111695120752878,0.9635,0.004193313129257102,0.0,1.8668312499999997,2000,1.0,0.522,fails_null,within_patient_over_cells
smc,pooled,2,100,pseudobulk_patient_t,0.0285,0.0037207358143249033,0.015,0.0425,0.0,15.548751994997128,2000,0.041,0.004433903472111228,0.9785,0.003243281517229114,0.0,15.76871769505576,2000,5.196080736197409,0.522,passes_by_width,within_patient_over_cells
smc,pooled,2,100,studentised,0.154,0.008071059410015515,0.14,0.16,0.0,3.7547112305604093,2000,0.4985,0.011180289575856253,0.949,0.004919298730510276,0.0,1.9753531008028746,2000,1.2547491079268847,0.522,fails_null,within_patient_over_cells
smc,pooled,2,100,welch_t,0.149,0.007962380297373393,0.1375,0.1675,0.0,2.998507748519609,2000,0.5235,0.01116798437498907,0.9755,0.0034568591235397466,0.0,1.88669131574426,2000,1.0020410869267509,0.522,fails_null,within_patient_over_cells
smc,pooled,2,800,bca,0.087,0.006302023484564303,0.07,0.11,0.0,1.5569391574685587,2000,0.777,0.009307819293475782,0.992,0.001991983935678198,0.0,1.2752509533093015,2000,1.006274373962237,0.7355,fails_null,within_patient_over_cells
smc,pooled,2,800,patient_cluster,0.0705,0.0057240610583745525,0.06,0.0825,0.0,3.8555257940145085,2000,0.2165,0.00920944488012171,0.961,0.004328914413568374,0.0,3.026832343880298,2000,2.4918872301826314,0.7355,fails_null,within_patient_over_cells
smc,pooled,2,800,percentile,0.0685,0.0056483515294287415,0.055,0.0875,0.0,1.5472312499999992,2000,0.7355,0.00986254911267873,0.996,0.0014113823011501884,0.0,1.2539499999999995,2000,1.0,0.7355,fails_null,within_patient_over_cells
smc,pooled,2,800,pseudobulk_patient_t,0.0275,0.0036567574434189644,0.0175,0.0375,0.0,8.361180213225536,2000,0.044,0.0045860658521220555,0.99,0.0022248595461287,0.0,14.857307674567629,2000,5.403962861547387,0.7355,passes_by_width,within_patient_over_cells
smc,pooled,2,800,studentised,0.0845,0.006219314672855845,0.07,0.1025,0.0,1.565195498379484,2000,0.764,0.009494840704298308,0.992,0.001991983935678198,0.0,1.313652738542709,2000,1.0116105775264588,0.7355,fails_null,within_patient_over_cells
smc,pooled,2,800,welch_t,0.0555,0.005119558086397693,0.045,0.0675,0.0,1.5590281314320156,2000,0.7045,0.010202444560006196,0.996,0.0014113823011501884,0.0,1.2508665407458082,2000,1.0076245108363837,0.7355,calibrated_but_underpowered,within_patient_over_cells
smc,pooled,5,5,patient_cluster,0.616793893129771,0.010967432393066497,0.5852417302798982,0.6358974358974359,0.0175,5.4603182563358015,1965,0.6968925114620479,0.010373398984183402,0.9256240448293428,0.005922068713011092,0.0185,4.806539692012313,1963,3.0338261659677337,0.747,fails_null,within_patient_over_cells
smc,pooled,5,5,percentile,0.673,0.01048978074127386,0.6475,0.705,0.0,1.7998125,2000,0.747,0.009720879589831364,0.3615,0.010742852274884916,0.0,1.6269750000000003,2000,1.0,0.747,fails_null,within_patient_over_cells
smc,pooled,5,5,pseudobulk_patient_t,0.029516539440203562,0.0038180842844140837,0.02544529262086514,0.03316326530612245,0.0175,14.518570697062085,1965,0.039735099337748346,0.004408821635209227,0.9811512990320937,0.003069365123556647,0.0185,11.628840382147871,1963,8.06671289207186,0.747,passes_by_width,within_patient_over_cells
smc,pooled,5,50,patient_cluster,0.101,0.006737915107805975,0.0825,0.1125,0.0,7.025948186276214,2000,0.22,0.009262828941527529,0.988,0.0024347484469653133,0.0,5.209296183527014,2000,1.6224498714832218,0.4455,fails_null,within_patient_over_cells
smc,pooled,5,50,percentile,0.194,0.008842058583836685,0.1725,0.215,0.0,4.330456249999999,2000,0.4455,0.011113724623185514,0.8775,0.007331226022978695,0.0,2.5832437499999994,2000,1.0,0.4455,fails_null,within_patient_over_cells
smc,pooled,5,50,pseudobulk_patient_t,0.03,0.00381444622455213,0.025,0.0375,0.0,7.3895464458174125,2000,0.057,0.00518415856238985,0.9875,0.0024843258642939696,0.0,5.891121631303165,2000,1.7064129087593054,0.4455,calibrated_but_underpowered,within_patient_over_cells
smc,pooled,5,100,patient_cluster,0.045,0.004635461142108733,0.035,0.05,0.0,6.4231816406214275,2000,0.145,0.007873214083206426,0.9925,0.0019292161620720412,0.0,4.637009925680695,2000,1.823634216128877,0.4945,calibrated_but_underpowered,within_patient_over_cells
smc,pooled,5,100,percentile,0.1225,0.007331226022978693,0.11,0.1375,0.0,3.5221874999999994,2000,0.4945,0.011179663456473098,0.955,0.004635461142108735,0.0,2.250868749999998,2000,1.0,0.4945,fails_null,within_patient_over_cells
smc,pooled,5,100,pseudobulk_patient_t,0.022,0.003279939023823461,0.0175,0.0275,0.0,5.807565627864893,2000,0.0695,0.005686376262612245,0.9785,0.003243281517229114,0.0,5.290757396111639,2000,1.6488519216722262,0.4945,calibrated_but_underpowered,within_patient_over_cells
smc,pooled,5,800,patient_cluster,0.003,0.0012229063741758812,0.0025,0.005,0.0,5.562162999077067,2000,0.0475,0.004756245893559331,1.0,0.0,0.0,4.378343961089704,2000,2.8722206510728907,0.7735,calibrated_but_underpowered,within_patient_over_cells
smc,pooled,5,800,percentile,0.0625,0.005412658773652742,0.05,0.075,0.0,1.9365374999999996,2000,0.7735,0.009359427065798419,0.9955,0.0014966211945579198,0.0,1.51744375,2000,1.0,0.7735,fails_null,within_patient_over_cells
smc,pooled,5,800,pseudobulk_patient_t,0.015,0.0027179955849853765,0.0075,0.0225,0.0,3.3294693153318695,2000,0.073,0.005816829033072916,0.9905,0.0021690723823791537,0.0,4.0931070236651195,2000,1.7192898744960374,0.7735,calibrated_but_underpowered,within_patient_over_cells
smc,reference,2,5,bca,0.3475,0.010647622974166581,0.2975,0.3925,0.0,17.227152575643963,2000,0.5175,0.011173489830845151,0.6735,0.010485650909695592,0.0,9.437857012459503,2000,1.1386695722396951,0.5645,fails_null,within_patient_over_cells
smc,reference,2,5,patient_cluster,0.35960591133004927,0.012730340775515627,0.34275618374558303,0.3888888888888889,0.2895,16.602008643143215,1421,0.47197231833910036,0.013132659546139932,0.7958477508650519,0.01060371771026347,0.2775,13.119963469641538,1445,1.0973491990042907,0.5645,fails_null,within_patient_over_cells
smc,reference,2,5,percentile,0.3715,0.010804807957571482,0.3275,0.4125,0.0,15.129193749999995,2000,0.5645,0.011086923603957953,0.654,0.010636822833910509,0.0,8.702274999999997,2000,1.0,0.5645,fails_null,within_patient_over_cells
smc,reference,2,5,pseudobulk_patient_t,0.03518648838845883,0.004887790834551711,0.020833333333333332,0.04693140794223827,0.2895,116.74279455810239,1421,0.05813148788927336,0.00615555101579013,0.9730103806228374,0.0042630771594183775,0.2775,82.36572414128865,1445,7.716392326465012,0.5645,passes_by_abstention,within_patient_over_cells
smc,reference,2,5,studentised,0.2775,0.010012336140981284,0.2475,0.3175,0.0,38.07703761475706,2000,0.414,0.01101371871803525,0.716,0.010083253443209686,0.0,16.177676368244477,2000,2.516792252380076,0.5645,fails_null,within_patient_over_cells
smc,reference,2,5,welch_t,0.3235,0.010460586742625864,0.2825,0.3625,0.0,25.02432509415203,2000,0.495,0.01117978085652845,0.6975,0.010271167168340705,0.0,13.251059141447236,2000,1.654042211876098,0.5645,fails_null,within_patient_over_cells
smc,reference,2,50,bca,0.083,0.006168914004912048,0.0675,0.095,0.0,10.476762393761941,2000,0.6935,0.010309164612130316,0.936,0.00547284204047586,0.0,5.76953528041888,2000,1.0804364222441651,0.7615,fails_null,within_patient_over_cells
smc,reference,2,50,patient_cluster,0.11939546599496222,0.007277867096094648,0.11083123425692695,0.1309823677581864,0.0075,15.741632709305302,1985,0.39406139909411175,0.01096218996718951,0.9245093105183694,0.005926569845830141,0.0065,12.120824016370715,1987,1.623386375055172,0.7615,fails_null,within_patient_over_cells
smc,reference,2,50,percentile,0.089,0.006367063687446514,0.0675,0.1025,0.0,9.6967875,2000,0.7615,0.009529369076701774,0.9365,0.005452877680637995,0.0,5.4660375000000005,2000,1.0,0.7615,fails_null,within_patient_over_cells
smc,reference,2,50,pseudobulk_patient_t,0.027707808564231738,0.0036839967008794254,0.015189873417721518,0.04030226700251889,0.0075,50.105322742749095,1985,0.06844489179667841,0.005664686280019527,0.9793658782083543,0.0031890883105375528,0.0065,55.854148926583974,1987,5.167208494849361,0.7615,passes_by_width,within_patient_over_cells
smc,reference,2,50,studentised,0.069,0.005667406814408156,0.0525,0.0825,0.0,11.767088980568907,2000,0.662,0.010577239715540155,0.9415,0.0052477495176503994,0.0,6.010084705787387,2000,1.2135038517208827,0.7615,fails_null,within_patient_over_cells
smc,reference,2,50,welch_t,0.0905,0.006415206543830058,0.07,0.1,0.0,10.091618455044976,2000,0.7765,0.009315249594079592,0.9415,0.0052477495176503994,0.0,5.612929978407493,2000,1.0407177072865603,0.7615,fails_null,within_patient_over_cells
smc,reference,2,100,bca,0.065,0.005512485827646181,0.05,0.0825,0.0,7.643316861928541,2000,0.84,0.00819756061276768,0.9555,0.004610843198374891,0.0,4.330300862615351,2000,1.0357648772879942,0.8675,fails_null,within_patient_over_cells
smc,reference,2,100,patient_cluster,0.08708708708708708,0.006308030947079755,0.08,0.095,0.001,14.767168174670882,1998,0.361,0.01073962289840756,0.9425,0.005205465877325487,0.0,10.795753455087883,2000,2.0011356860678267,0.8675,fails_null,within_patient_over_cells
smc,reference,2,100,percentile,0.069,0.005667406814408156,0.0525,0.0825,0.0,7.37939375,2000,0.8675,0.007581020709640621,0.9595,0.004407933189148855,0.0,4.292381249999998,2000,1.0,0.8675,fails_null,within_patient_over_cells
smc,reference,2,100,pseudobulk_patient_t,0.03053053053053053,0.0038488988867815305,0.02,0.042606516290726815,0.001,34.82168351105684,1998,0.07,0.005705260730238366,0.9875,0.0024843258642939696,0.0,47.68251861232551,2000,4.718772935928082,0.8675,passes_by_width,within_patient_over_cells
smc,reference,2,100,studentised,0.0595,0.005289600646551685,0.045,0.08,0.0,8.26217796075107,2000,0.837,0.00825926752200218,0.953,0.004732388403332932,0.0,4.436120428697362,2000,1.1196282839292955,0.8675,pass,within_patient_over_cells
smc,reference,2,100,welch_t,0.069,0.005667406814408156,0.0525,0.0825,0.0,7.522217084645872,2000,0.877,0.007344079247938437,0.965,0.00410944035119139,0.0,4.336384478397301,2000,1.0193543452869516,0.8675,fails_null,within_patient_over_cells
smc,reference,2,800,bca,0.057,0.00518415856238985,0.035,0.0725,0.0,3.615519454277151,2000,0.9965,0.0013205585939290896,0.996,0.0014113823011501884,0.0,2.8281405820839036,2000,0.9920124166956956,0.9945,pass,within_patient_over_cells
smc,reference,2,800,patient_cluster,0.034,0.0040524066923249445,0.02,0.0575,0.0,14.587482527484934,2000,0.3565,0.010709989495793168,0.9755,0.0034568591235397466,0.0,10.853381423752865,2000,4.00245773217385,0.9945,passes_by_width,within_patient_over_cells
smc,reference,2,800,percentile,0.054,0.005053909377897471,0.0275,0.07,0.0,3.644631249999997,2000,0.9945,0.0016537457482938467,0.9965,0.0013205585939290896,0.0,2.8098062499999985,2000,1.0,0.9945,pass,within_patient_over_cells
smc,reference,2,800,pseudobulk_patient_t,0.035,0.004109440351191388,0.025,0.0425,0.0,17.09377348510261,2000,0.071,0.005742778073371807,0.994,0.0017268468374467964,0.0,45.53554131311354,2000,4.690124271173557,0.9945,passes_by_width,within_patient_over_cells
smc,reference,2,800,studentised,0.058,0.0052266624149642565,0.035,0.07,0.0,3.641325037734456,2000,0.9955,0.0014966211945579198,0.998,0.0009989994994993746,0.0,2.8400381443176808,2000,0.9990928541082061,0.9945,pass,within_patient_over_cells
smc,reference,2,800,welch_t,0.05,0.004873397172404482,0.025,0.0675,0.0,3.7029043364002234,2000,0.994,0.0017268468374467964,0.9975,0.001116635571706353,0.0,2.8132314449148197,2000,1.0159887468451647,0.9945,pass,within_patient_over_cells
smc,reference,5,5,patient_cluster,0.2409090909090909,0.009610387394478047,0.20865139949109415,0.25879396984924624,0.01,24.899923686363458,1980,0.37348790322580644,0.01086005854763978,0.9380040322580645,0.005413937533791517,0.008,19.33841766301329,1984,1.2350321762884113,0.537,fails_null,within_patient_over_cells
smc,reference,5,5,percentile,0.3105,0.010346249320405922,0.285,0.3425,0.0,20.161356249999994,2000,0.537,0.011149686094236015,0.6955,0.0102902806084188,0.0,10.12229375,2000,1.0,0.537,fails_null,within_patient_over_cells
smc,reference,5,5,pseudobulk_patient_t,0.047474747474747475,0.004778999505779492,0.035443037974683546,0.061068702290076333,0.01,46.41311395608586,1980,0.09425403225806452,0.006559675262309543,0.9768145161290323,0.0033786507441769475,0.008,35.266489773387164,1984,2.3020829244106964,0.537,calibrated_but_underpowered,within_patient_over_cells
smc,reference,5,50,patient_cluster,0.015,0.0027179955849853765,0.01,0.03,0.0,23.953017426513508,2000,0.141,0.007781998457979801,0.9995,0.000499874984371065,0.0,18.360857858270116,2000,2.1430620052228666,0.7945,calibrated_but_underpowered,within_patient_over_cells
smc,reference,5,50,percentile,0.082,0.006134981662564282,0.0675,0.0975,0.0,11.177006249999998,2000,0.7945,0.00903520198999447,0.9385,0.005372045699731156,0.0,6.281643749999999,2000,1.0,0.7945,fails_null,within_patient_over_cells
smc,reference,5,50,pseudobulk_patient_t,0.027,0.0036242930345103167,0.015,0.035,0.0,15.866001293510042,2000,0.228,0.009381257911389069,0.989,0.0023322735688593665,0.0,14.498777943116387,2000,1.4195215551132079,0.7945,calibrated_but_underpowered,within_patient_over_cells
smc,reference,5,100,patient_cluster,0.0055,0.0016537457482938543,0.0025,0.0075,0.0,23.40434784273622,2000,0.117,0.007187176079657434,0.9995,0.000499874984371065,0.0,17.69765912496023,2000,2.7539670312233286,0.9125,passes_by_width,within_patient_over_cells
smc,reference,5,100,percentile,0.077,0.0059611659933271445,0.06,0.1,0.0,8.498412499999999,2000,0.9125,0.006318375978050056,0.9675,0.00396508196636589,0.0,5.0487312499999994,2000,1.0,0.9125,fails_null,within_patient_over_cells
smc,reference,5,100,pseudobulk_patient_t,0.0255,0.003524893615415932,0.02,0.035,0.0,13.188510715111597,2000,0.256,0.00975868843646522,0.989,0.0023322735688593665,0.0,13.420261571783985,2000,1.5518793321825222,0.9125,passes_by_width,within_patient_over_cells
smc,reference,5,800,patient_cluster,0.0,0.0,0.0,0.0,0.0,22.252444565813423,2000,0.0915,0.00644700511865781,1.0,0.0,0.0,17.743048502195897,2000,5.256454513086023,0.9995,passes_by_width,within_patient_over_cells
smc,reference,5,800,percentile,0.0465,0.004708383480558906,0.035,0.0625,0.0,4.23335625,2000,0.9995,0.000499874984371065,0.9975,0.001116635571706353,0.0,3.2949,2000,1.0,0.9995,pass,within_patient_over_cells
smc,reference,5,800,pseudobulk_patient_t,0.024,0.00342227994179319,0.0125,0.0375,0.0,6.4559529183589275,2000,0.3395,0.010588667291023928,0.9995,0.000499874984371065,0.0,11.529701831405102,2000,1.5250199929096275,0.9995,passes_by_width,within_patient_over_cells
