cohort,pool,n_held_out,n_cells_mature,shift,seed,n_attempted,n_valid,n_abstained,abstention,median_width,source_patients_min,source_patients_max,median_abs_target_gap,n_rejected,rejection,rejection_low,rejection_high,n_cell_covered,cell_coverage,cell_coverage_low,cell_coverage_high,n_patient_covered,patient_coverage,patient_coverage_low,patient_coverage_high,n_draw_covered,draw_inclusion,draw_inclusion_low,draw_inclusion_high,unconditional_rejection
kul3,pooled,2,50,0.5,1,400,266,134,0.33499999999999996,14.412254005035152,1,2,0.028768152542469005,23,0.08646616541353383,0.05830686714226615,0.12639958618969968,254,0.9548872180451128,0.9228148126697782,0.9740080886650593,254,0.9548872180451128,0.9228148126697782,0.9740080886650593,258,0.9699248120300752,0.9417867247648888,0.9846832146306046,0.0575
kul3,pooled,2,50,0.5,2,400,266,134,0.33499999999999996,12.337575767353862,1,2,0.028768152542469005,26,0.09774436090225563,0.06757838709582165,0.13936334478163603,252,0.9473684210526315,0.9136064766329528,0.9683929056715568,252,0.9473684210526315,0.9136064766329528,0.9683929056715568,252,0.9473684210526315,0.9136064766329528,0.9683929056715568,0.065
kul3,pooled,2,50,0.5,20260831,400,243,157,0.39249999999999996,14.713653475966666,1,2,0.015513011844113578,18,0.07407407407407407,0.04736605935297165,0.11403899395954745,231,0.9506172839506173,0.915680695768295,0.9715284507271558,230,0.9465020576131687,0.9106344854440694,0.9684722944167196,232,0.9547325102880658,0.9207733472561066,0.9745381658740058,0.045
kul3,pooled,2,50,0.5,3,400,264,136,0.33999999999999997,14.642988143473655,1,2,0.028768152542469005,19,0.07196969696969698,0.0465553632949031,0.10966189673990279,255,0.9659090909090909,0.9364909064299773,0.9819628724701897,257,0.9734848484848485,0.9462900669936517,0.98709791969351,253,0.9583333333333334,0.9269423122641641,0.9765772588490084,0.0475
kul3,pooled,2,50,0.5,4,400,270,130,0.32499999999999996,13.956227254879831,1,2,0.028768152542469005,19,0.07037037037037037,0.0455101034111534,0.10728436022077999,265,0.9814814814814815,0.9573897786668156,0.9920647017456729,265,0.9814814814814815,0.9573897786668156,0.9920647017456729,263,0.9740740740740741,0.9474615848904624,0.9873859035156802,0.0475
kul3,pooled,2,50,1.0,1,400,264,136,0.33999999999999997,19.26149631307677,1,2,0.0,19,0.07196969696969698,0.0465553632949031,0.10966189673990279,245,0.928030303030303,0.8903381032600972,0.9534446367050968,245,0.928030303030303,0.8903381032600972,0.9534446367050968,245,0.928030303030303,0.8903381032600972,0.9534446367050968,0.0475
kul3,pooled,2,50,1.0,2,400,283,117,0.2925,23.846843121414015,1,2,0.0,15,0.053003533568904596,0.03238063050566878,0.08559903310303074,268,0.9469964664310954,0.9144009668969693,0.9676193694943311,268,0.9469964664310954,0.9144009668969693,0.9676193694943311,268,0.9469964664310954,0.9144009668969693,0.9676193694943311,0.0375
kul3,pooled,2,50,1.0,20260831,400,258,142,0.355,19.590448613193157,1,2,0.0,21,0.08139534883720931,0.05385190026072901,0.12122144002372842,237,0.9186046511627907,0.8787785599762715,0.9461480997392709,237,0.9186046511627907,0.8787785599762715,0.9461480997392709,237,0.9186046511627907,0.8787785599762715,0.9461480997392709,0.0525
kul3,pooled,2,50,1.0,3,400,262,138,0.345,22.404303633726933,1,2,0.0,16,0.061068702290076333,0.03793604832889387,0.09688663500910503,246,0.9389312977099237,0.903113364990895,0.9620639516711061,246,0.9389312977099237,0.903113364990895,0.9620639516711061,246,0.9389312977099237,0.903113364990895,0.9620639516711061,0.04
kul3,pooled,2,50,1.0,4,400,268,132,0.32999999999999996,22.34507700020596,1,2,0.0,13,0.048507462686567165,0.028564111880906896,0.08121111868970841,255,0.9514925373134329,0.9187888813102917,0.9714358881190931,255,0.9514925373134329,0.9187888813102917,0.9714358881190931,255,0.9514925373134329,0.9187888813102917,0.9714358881190931,0.0325
kul3,pooled,2,800,0.5,1,400,283,117,0.2925,8.503385330430325,1,2,0.04038086443764377,26,0.09187279151943463,0.06346789261686611,0.13120919154759866,270,0.9540636042402827,0.9230044536812665,0.9729608682656277,269,0.950530035335689,0.9186866258486468,0.9703062033204506,277,0.9787985865724381,0.9545249302976904,0.9902478410937816,0.065
kul3,pooled,2,800,0.5,2,400,258,142,0.355,8.010203462435914,1,2,0.028768152542469005,27,0.10465116279069768,0.0729240053903435,0.14797859376719963,245,0.9496124031007752,0.9157124103453216,0.9703199278676686,245,0.9496124031007752,0.9157124103453216,0.9703199278676686,252,0.9767441860465116,0.9502007351203302,0.9892990717779265,0.0675
kul3,pooled,2,800,0.5,20260831,400,272,128,0.31999999999999995,7.864001857160013,1,2,0.028768152542469005,33,0.1213235294117647,0.08770732567241103,0.16548687914106242,257,0.9448529411764706,0.9110167987338955,0.9662987470677522,256,0.9411764705882353,0.9065938634418831,0.9634711406589245,263,0.9669117647058824,0.9383224916485559,0.9824963043581322,0.0825
kul3,pooled,2,800,0.5,3,400,258,142,0.355,8.529073810555609,1,2,0.015513011844113578,30,0.11627906976744186,0.08267532148225396,0.16114190711183202,249,0.9651162790697675,0.9350442157330028,0.9815409617287112,248,0.9612403100775194,0.9301344112122186,0.9788125564373146,250,0.9689922480620154,0.940017601697359,0.9842057855765357,0.075
kul3,pooled,2,800,0.5,4,400,273,127,0.3175,8.33468642207739,1,2,0.028768152542469005,28,0.10256410256410256,0.07191779404349893,0.14424007145688664,260,0.9523809523809523,0.9202444300388354,0.9719629765114169,260,0.9523809523809523,0.9202444300388354,0.9719629765114169,263,0.9633699633699634,0.9338967399412206,0.9799837210191595,0.07
kul3,pooled,2,800,1.0,1,400,266,134,0.33499999999999996,10.659979745475365,1,2,0.0,17,0.06390977443609022,0.04028149928816259,0.09995439695281959,249,0.9360902255639098,0.9000456030471804,0.9597185007118374,249,0.9360902255639098,0.9000456030471804,0.9597185007118374,249,0.9360902255639098,0.9000456030471804,0.9597185007118374,0.0425
kul3,pooled,2,800,1.0,2,400,268,132,0.32999999999999996,9.903660782453066,1,2,0.0,17,0.06343283582089553,0.039978024396871474,0.09922612417140944,251,0.9365671641791045,0.9007738758285905,0.9600219756031284,251,0.9365671641791045,0.9007738758285905,0.9600219756031284,251,0.9365671641791045,0.9007738758285905,0.9600219756031284,0.0425
kul3,pooled,2,800,1.0,20260831,400,269,131,0.3275,10.088243832714639,1,2,0.0,12,0.04460966542750929,0.025699967329258767,0.07634265823444256,257,0.9553903345724907,0.9236573417655574,0.9743000326707412,257,0.9553903345724907,0.9236573417655574,0.9743000326707412,257,0.9553903345724907,0.9236573417655574,0.9743000326707412,0.03
kul3,pooled,2,800,1.0,3,400,287,113,0.2825,10.222469255759538,1,2,0.0,12,0.041811846689895474,0.024077340481575123,0.07164992939798695,275,0.9581881533101045,0.928350070602013,0.9759226595184248,275,0.9581881533101045,0.928350070602013,0.9759226595184248,275,0.9581881533101045,0.928350070602013,0.9759226595184248,0.03
kul3,pooled,2,800,1.0,4,400,268,132,0.32999999999999996,9.706059432636609,1,2,0.0,8,0.029850746268656716,0.01520190436169214,0.057787178711841164,260,0.9701492537313433,0.9422128212881589,0.9847980956383078,260,0.9701492537313433,0.9422128212881589,0.9847980956383078,260,0.9701492537313433,0.9422128212881589,0.9847980956383078,0.02
kul3,pooled,5,50,0.5,1,400,400,0,0.0,3.628267733885793,4,5,0.056353331928578165,137,0.3425,0.29769101850421636,0.3903053542110871,372,0.93,0.9006910535722495,0.9511283733002555,380,0.95,0.9240363649362803,0.9674025701628527,381,0.9525,0.9270084505901734,0.9693829230372881,0.3425
kul3,pooled,5,50,0.5,2,400,400,0,0.0,3.796791319454843,4,5,0.056353331928578165,126,0.315,0.2714209156648816,0.3620986332388081,381,0.9525,0.9270084505901734,0.9693829230372881,383,0.9575,0.9329979456752499,0.9732983050088689,384,0.96,0.9360177522821589,0.9752309369302883,0.315
kul3,pooled,5,50,0.5,20260831,400,400,0,0.0,3.584110270822687,4,5,0.056353331928578165,130,0.325,0.28095326743154514,0.3723760355854586,371,0.9275,0.8978175067464532,0.9490494815977232,374,0.935,0.9064647858253625,0.9552595181037997,378,0.945,0.9181325521920267,0.9634015058504493,0.325
kul3,pooled,5,50,0.5,3,400,400,0,0.0,3.607238463527378,4,5,0.056353331928578165,131,0.3275,0.2833400429179013,0.37494169862743104,376,0.94,0.9122771510995438,0.9593520298862752,379,0.9475,0.921078024928725,0.9654084716420795,379,0.9475,0.921078024928725,0.9654084716420795,0.3275
kul3,pooled,5,50,0.5,4,400,400,0,0.0,3.7503162468327624,4,5,0.060599129482214464,127,0.3175,0.27380177308238884,0.36467021434962943,373,0.9325,0.9035733345645931,0.9531985308362403,377,0.9425,0.9151991622718807,0.9613824572422669,381,0.9525,0.9270084505901734,0.9693829230372881,0.3175
kul3,pooled,5,50,1.0,1,400,400,0,0.0,5.485923855469812,4,5,0.0,75,0.1875,0.15228915456130324,0.2286560293976321,325,0.8125,0.7713439706023679,0.8477108454386968,325,0.8125,0.7713439706023679,0.8477108454386968,325,0.8125,0.7713439706023679,0.8477108454386968,0.1875
kul3,pooled,5,50,1.0,2,400,400,0,0.0,6.0114606596451505,4,5,0.0,64,0.16,0.12733275559943816,0.1991356045478835,336,0.84,0.8008643954521164,0.8726672444005619,336,0.84,0.8008643954521164,0.8726672444005619,336,0.84,0.8008643954521164,0.8726672444005619,0.16
kul3,pooled,5,50,1.0,20260831,400,400,0,0.0,5.2042911365722295,4,5,0.0,83,0.2075,0.17063415822479097,0.2499305339607725,317,0.7925,0.7500694660392275,0.829365841775209,317,0.7925,0.7500694660392275,0.829365841775209,317,0.7925,0.7500694660392275,0.829365841775209,0.2075
kul3,pooled,5,50,1.0,3,400,400,0,0.0,5.213017890288819,4,5,0.0,64,0.16,0.12733275559943816,0.1991356045478835,336,0.84,0.8008643954521164,0.8726672444005619,336,0.84,0.8008643954521164,0.8726672444005619,336,0.84,0.8008643954521164,0.8726672444005619,0.16
kul3,pooled,5,50,1.0,4,400,400,0,0.0,4.870658762635459,4,5,0.0,76,0.19,0.15457385084236502,0.2313237716448988,324,0.81,0.7686762283551013,0.845426149157635,324,0.81,0.7686762283551013,0.845426149157635,324,0.81,0.7686762283551013,0.845426149157635,0.19
kul3,pooled,5,800,0.5,1,400,400,0,0.0,2.786348951324035,4,5,0.060599129482214464,69,0.1725,0.13863520728428091,0.2125953455046833,386,0.965,0.9421148604670819,0.9790387058020222,386,0.965,0.9421148604670819,0.9790387058020222,396,0.99,0.9745734353473804,0.996104516205009,0.1725
kul3,pooled,5,800,0.5,2,400,400,0,0.0,2.697839730447031,4,5,0.060599129482214464,77,0.1925,0.156861025193276,0.2339890358223164,376,0.94,0.9122771510995438,0.9593520298862752,374,0.935,0.9064647858253625,0.9552595181037997,391,0.9775,0.9577973424412419,0.988118416469505,0.1925
kul3,pooled,5,800,0.5,20260831,400,400,0,0.0,2.6842270041434233,4,5,0.056353331928578165,72,0.18,0.14545031532583302,0.22063755304811672,390,0.975,0.9545984121283544,0.986364908254064,387,0.9675,0.9451958471762332,0.9809101576211996,399,0.9975,0.9859767149241766,0.9995585522131983,0.18
kul3,pooled,5,800,0.5,3,400,400,0,0.0,2.7561927125920254,4,5,0.060599129482214464,82,0.205,0.16833283817780625,0.24727941547942867,383,0.9575,0.9329979456752499,0.9732983050088689,380,0.95,0.9240363649362803,0.9674025701628527,398,0.995,0.9819550815637568,0.9986277470452896,0.205
kul3,pooled,5,800,0.5,4,400,400,0,0.0,2.6539632050556095,4,5,0.056353331928578165,100,0.25,0.2100790142364741,0.2946771329306741,388,0.97,0.9483014642909042,0.9827569790348569,389,0.9725,0.9514345181143852,0.9845763637397046,398,0.995,0.9819550815637568,0.9986277470452896,0.25
kul3,pooled,5,800,1.0,1,400,400,0,0.0,3.3651038953907397,4,5,0.0,20,0.05,0.03259742983714726,0.07596363506371961,380,0.95,0.9240363649362803,0.9674025701628527,380,0.95,0.9240363649362803,0.9674025701628527,380,0.95,0.9240363649362803,0.9674025701628527,0.05
kul3,pooled,5,800,1.0,2,400,400,0,0.0,3.2302921080168354,4,5,0.0,27,0.0675,0.04680146916375965,0.09642666543540682,373,0.9325,0.9035733345645931,0.9531985308362403,373,0.9325,0.9035733345645931,0.9531985308362403,373,0.9325,0.9035733345645931,0.9531985308362403,0.0675
kul3,pooled,5,800,1.0,20260831,400,400,0,0.0,3.3223200792983167,4,5,0.0,15,0.0375,0.022855029814710867,0.060943842444513396,385,0.9625,0.9390561575554867,0.9771449701852891,385,0.9625,0.9390561575554867,0.9771449701852891,385,0.9625,0.9390561575554867,0.9771449701852891,0.0375
kul3,pooled,5,800,1.0,3,400,400,0,0.0,3.2397428831260946,4,5,0.0,16,0.04,0.024769063069711758,0.06398224771784103,384,0.96,0.9360177522821589,0.9752309369302883,384,0.96,0.9360177522821589,0.9752309369302883,384,0.96,0.9360177522821589,0.9752309369302883,0.04
kul3,pooled,5,800,1.0,4,400,400,0,0.0,3.1379246796548395,4,5,0.0,10,0.025,0.013635091745936023,0.045401587871645666,390,0.975,0.9545984121283544,0.986364908254064,390,0.975,0.9545984121283544,0.986364908254064,390,0.975,0.9545984121283544,0.986364908254064,0.025
kul3,reference,2,50,0.5,1,400,266,134,0.33499999999999996,25.51953606162993,1,2,0.03171480540935723,28,0.10526315789473684,0.07383719850490239,0.14792805240288318,252,0.9473684210526315,0.9136064766329528,0.9683929056715568,252,0.9473684210526315,0.9136064766329528,0.9683929056715568,255,0.9586466165413534,0.9274801083353983,0.9767545525146033,0.07
kul3,reference,2,50,0.5,2,400,266,134,0.33499999999999996,32.51984132476084,1,2,0.03171480540935723,18,0.06766917293233082,0.04322923954465928,0.10441841621148683,256,0.9624060150375939,0.9321927027868019,0.9794537175783634,253,0.9511278195488722,0.9181916807152308,0.9712194611044427,256,0.9624060150375939,0.9321927027868019,0.9794537175783634,0.045
kul3,reference,2,50,0.5,20260831,400,243,157,0.39249999999999996,28.093075085214583,1,2,0.02262772798622681,18,0.07407407407407407,0.04736605935297165,0.11403899395954745,238,0.9794238683127572,0.952745858518196,0.9911798544198862,237,0.9753086419753086,0.9471876432913904,0.9886357030120303,239,0.9835390946502057,0.9584475459186488,0.993580533654095,0.045
kul3,reference,2,50,0.5,3,400,264,136,0.33999999999999997,31.882005991880842,1,2,0.03171480540935723,18,0.06818181818181818,0.04356005319778895,0.10519010294351962,256,0.9696969696969697,0.9413542987685098,0.9845665840251544,257,0.9734848484848485,0.9462900669936517,0.98709791969351,256,0.9696969696969697,0.9413542987685098,0.9845665840251544,0.045
kul3,reference,2,50,0.5,4,400,270,130,0.32499999999999996,34.614410338747135,1,2,0.03171480540935723,20,0.07407407407407407,0.04846034055525452,0.11163761907985184,264,0.9777777777777777,0.9523744917592818,0.9897764926500336,263,0.9740740740740741,0.9474615848904624,0.9873859035156802,267,0.9888888888888889,0.9678473125116872,0.9962141599071473,0.05
kul3,reference,2,50,1.0,1,400,264,136,0.33999999999999997,41.319347141433305,1,2,0.0,13,0.04924242424242424,0.02900027093960575,0.08241436573421636,251,0.9507575757575758,0.9175856342657837,0.9709997290603943,251,0.9507575757575758,0.9175856342657837,0.9709997290603943,251,0.9507575757575758,0.9175856342657837,0.9709997290603943,0.0325
kul3,reference,2,50,1.0,2,400,283,117,0.2925,40.56171427160401,1,2,0.0,16,0.05653710247349823,0.03509681529198202,0.08985534109451432,267,0.9434628975265018,0.9101446589054858,0.9649031847080181,267,0.9434628975265018,0.9101446589054858,0.9649031847080181,267,0.9434628975265018,0.9101446589054858,0.9649031847080181,0.04
kul3,reference,2,50,1.0,20260831,400,258,142,0.355,43.670443605352716,1,2,0.0,14,0.05426356589147287,0.03259546353077115,0.08901040806841962,244,0.9457364341085271,0.9109895919315804,0.9674045364692289,244,0.9457364341085271,0.9109895919315804,0.9674045364692289,244,0.9457364341085271,0.9109895919315804,0.9674045364692289,0.035
kul3,reference,2,50,1.0,3,400,262,138,0.345,48.3621565191972,1,2,0.0,8,0.030534351145038167,0.015551836454832692,0.059084598767548756,254,0.9694656488549618,0.9409154012324511,0.9844481635451673,254,0.9694656488549618,0.9409154012324511,0.9844481635451673,254,0.9694656488549618,0.9409154012324511,0.9844481635451673,0.02
kul3,reference,2,50,1.0,4,400,268,132,0.32999999999999996,45.608522406671185,1,2,0.0,11,0.041044776119402986,0.023070817805011478,0.07198995376677102,257,0.9589552238805971,0.928010046233229,0.9769291821949886,257,0.9589552238805971,0.928010046233229,0.9769291821949886,257,0.9589552238805971,0.928010046233229,0.9769291821949886,0.0275
kul3,reference,2,800,0.5,1,400,283,117,0.2925,21.985528746234063,1,2,0.03171480540935723,19,0.06713780918727916,0.04339894711016162,0.10247068760972525,278,0.9823321554770318,0.9593149273317308,0.9924303368375381,278,0.9823321554770318,0.9593149273317308,0.9924303368375381,281,0.9929328621908127,0.9746029508745387,0.9980597916281205,0.0475
kul3,reference,2,800,0.5,2,400,258,142,0.355,17.327355187131165,1,2,0.03171480540935723,32,0.12403100775193798,0.08924320305630246,0.16985044516214542,245,0.9496124031007752,0.9157124103453216,0.9703199278676686,246,0.9534883720930233,0.9204744194483007,0.9731961285768705,250,0.9689922480620154,0.940017601697359,0.9842057855765357,0.08
kul3,reference,2,800,0.5,20260831,400,272,128,0.31999999999999995,18.496365269629127,1,2,0.038382008490704056,26,0.09558823529411764,0.06606816703752749,0.1363722458700655,265,0.9742647058823529,0.9478408171505702,0.9874790622577979,265,0.9742647058823529,0.9478408171505702,0.9874790622577979,266,0.9779411764705882,0.9527184695029548,0.9898519516062535,0.065
kul3,reference,2,800,0.5,3,400,258,142,0.355,17.65828089601859,1,2,0.03171480540935723,30,0.11627906976744186,0.08267532148225396,0.16114190711183202,246,0.9534883720930233,0.9204744194483007,0.9731961285768705,247,0.9573643410852714,0.9252799878046107,0.9760287700327415,254,0.9844961240310077,0.960821468858263,0.9939547576643557,0.075
kul3,reference,2,800,0.5,4,400,273,127,0.3175,20.245503374977062,1,2,0.03171480540935723,28,0.10256410256410256,0.07191779404349893,0.14424007145688664,259,0.9487179487179487,0.9157732291903499,0.9692098258898599,263,0.9633699633699634,0.9338967399412206,0.9799837210191595,265,0.9706959706959707,0.9432512666205517,0.9850778972799135,0.07
kul3,reference,2,800,1.0,1,400,266,134,0.33499999999999996,17.903999647214718,1,2,0.0,11,0.041353383458646614,0.02324544748539674,0.07251989166460175,255,0.9586466165413534,0.9274801083353983,0.9767545525146033,255,0.9586466165413534,0.9274801083353983,0.9767545525146033,255,0.9586466165413534,0.9274801083353983,0.9767545525146033,0.0275
kul3,reference,2,800,1.0,2,400,268,132,0.32999999999999996,17.374044622694672,1,2,0.0,12,0.04477611940298507,0.025796550503994316,0.07662145056720457,256,0.9552238805970149,0.9233785494327954,0.9742034494960056,256,0.9552238805970149,0.9233785494327954,0.9742034494960056,256,0.9552238805970149,0.9233785494327954,0.9742034494960056,0.03
kul3,reference,2,800,1.0,20260831,400,269,131,0.3275,16.80025065462179,1,2,0.0,8,0.02973977695167286,0.0151451076997088,0.05757646073954195,261,0.9702602230483272,0.9424235392604581,0.9848548923002911,261,0.9702602230483272,0.9424235392604581,0.9848548923002911,261,0.9702602230483272,0.9424235392604581,0.9848548923002911,0.02
kul3,reference,2,800,1.0,3,400,287,113,0.2825,16.417528846666215,1,2,0.0,14,0.04878048780487805,0.029276802930936287,0.0802036643649062,273,0.9512195121951219,0.9197963356350937,0.9707231970690636,273,0.9512195121951219,0.9197963356350937,0.9707231970690636,273,0.9512195121951219,0.9197963356350937,0.9707231970690636,0.035
kul3,reference,2,800,1.0,4,400,268,132,0.32999999999999996,15.619486662648798,1,2,0.0,5,0.018656716417910446,0.007994708436192616,0.04292268613909146,263,0.9813432835820896,0.9570773138609086,0.9920052915638073,263,0.9813432835820896,0.9570773138609086,0.9920052915638073,263,0.9813432835820896,0.9570773138609086,0.9920052915638073,0.0125
kul3,reference,5,50,0.5,1,400,400,0,0.0,8.77783683411133,4,5,0.06965598651237004,102,0.255,0.21475670087938903,0.2999043233444163,397,0.9925,0.9781842792759678,0.9974461108047501,397,0.9925,0.9781842792759678,0.9974461108047501,398,0.995,0.9819550815637568,0.9986277470452896,0.255
kul3,reference,5,50,0.5,2,400,400,0,0.0,8.909643636618693,4,5,0.06965598651237004,90,0.225,0.1868047408249817,0.2684270210588814,398,0.995,0.9819550815637568,0.9986277470452896,398,0.995,0.9819550815637568,0.9986277470452896,399,0.9975,0.9859767149241766,0.9995585522131983,0.225
kul3,reference,5,50,0.5,20260831,400,400,0,0.0,8.802663451387854,4,5,0.07841474026132556,99,0.2475,0.20774293744415318,0.29206077119466656,391,0.9775,0.9577973424412419,0.988118416469505,390,0.975,0.9545984121283544,0.986364908254064,390,0.975,0.9545984121283544,0.986364908254064,0.2475
kul3,reference,5,50,0.5,3,400,400,0,0.0,9.361966366691838,4,5,0.07841474026132556,80,0.2,0.16373705973387687,0.24197031686670106,397,0.9925,0.9781842792759678,0.9974461108047501,398,0.995,0.9819550815637568,0.9986277470452896,397,0.9925,0.9781842792759678,0.9974461108047501,0.2
kul3,reference,5,50,0.5,4,400,400,0,0.0,8.866862435929315,4,5,0.06965598651237004,93,0.2325,0.19376640712110382,0.2763226703477448,397,0.9925,0.9781842792759678,0.9974461108047501,398,0.995,0.9819550815637568,0.9986277470452896,398,0.995,0.9819550815637568,0.9986277470452896,0.2325
kul3,reference,5,50,1.0,1,400,400,0,0.0,13.455273705675266,4,5,0.0,31,0.0775,0.05513293467684451,0.10790495403563602,369,0.9225,0.892095045964364,0.9448670653231555,369,0.9225,0.892095045964364,0.9448670653231555,369,0.9225,0.892095045964364,0.9448670653231555,0.0775
kul3,reference,5,50,1.0,2,400,400,0,0.0,13.511222136170801,4,5,0.0,32,0.08,0.05723575041013351,0.11075457683067555,368,0.92,0.8892454231693245,0.9427642495898665,368,0.92,0.8892454231693245,0.9427642495898665,368,0.92,0.8892454231693245,0.9427642495898665,0.08
kul3,reference,5,50,1.0,20260831,400,400,0,0.0,14.322645819972873,4,5,0.0,37,0.0925,0.06785393449857381,0.12489858538387784,363,0.9075,0.8751014146161221,0.9321460655014261,363,0.9075,0.8751014146161221,0.9321460655014261,363,0.9075,0.8751014146161221,0.9321460655014261,0.0925
kul3,reference,5,50,1.0,3,400,400,0,0.0,13.172483311899851,4,5,0.0,38,0.095,0.06999661149327467,0.12770834691750552,362,0.905,0.8722916530824945,0.9300033885067254,362,0.905,0.8722916530824945,0.9300033885067254,362,0.905,0.8722916530824945,0.9300033885067254,0.095
kul3,reference,5,50,1.0,4,400,400,0,0.0,13.612213808026777,4,5,0.0,36,0.09,0.06571729376939447,0.12208278758472865,364,0.91,0.8779172124152713,0.9342827062306055,364,0.91,0.8779172124152713,0.9342827062306055,364,0.91,0.8779172124152713,0.9342827062306055,0.09
kul3,reference,5,800,0.5,1,400,400,0,0.0,5.200003167668618,4,5,0.06965598651237004,148,0.37,0.3241319808189903,0.4183412157079268,392,0.98,0.96103658423074,0.9898316132083353,391,0.9775,0.9577973424412419,0.988118416469505,398,0.995,0.9819550815637568,0.9986277470452896,0.37
kul3,reference,5,800,0.5,2,400,400,0,0.0,5.423381737191274,4,5,0.06965598651237004,129,0.3225,0.27856795807266865,0.3698089064160066,386,0.965,0.9421148604670819,0.9790387058020222,382,0.955,0.9299952708096761,0.971348541346114,394,0.985,0.9676653664151732,0.9931077080805591,0.3225
kul3,reference,5,800,0.5,20260831,400,400,0,0.0,5.098303797699074,4,5,0.07841474026132556,133,0.3325,0.2881179581855746,0.38006866041641474,390,0.975,0.9545984121283544,0.986364908254064,389,0.9725,0.9514345181143852,0.9845763637397046,396,0.99,0.9745734353473804,0.996104516205009,0.3325
kul3,reference,5,800,0.5,3,400,400,0,0.0,5.215547706164741,4,5,0.07841474026132556,129,0.3225,0.27856795807266865,0.3698089064160066,387,0.9675,0.9451958471762332,0.9809101576211996,385,0.9625,0.9390561575554867,0.9771449701852891,398,0.995,0.9819550815637568,0.9986277470452896,0.3225
kul3,reference,5,800,0.5,4,400,400,0,0.0,5.180886381404841,4,5,0.07841474026132556,135,0.3375,0.2929016377213044,0.38518985793734206,376,0.94,0.9122771510995438,0.9593520298862752,376,0.94,0.9122771510995438,0.9593520298862752,396,0.99,0.9745734353473804,0.996104516205009,0.3375
kul3,reference,5,800,1.0,1,400,400,0,0.0,5.4826782522174105,4,5,0.0,10,0.025,0.013635091745936023,0.045401587871645666,390,0.975,0.9545984121283544,0.986364908254064,390,0.975,0.9545984121283544,0.986364908254064,390,0.975,0.9545984121283544,0.986364908254064,0.025
kul3,reference,5,800,1.0,2,400,400,0,0.0,5.237307883173573,4,5,0.0,9,0.0225,0.011881583530495034,0.04220265755875813,391,0.9775,0.9577973424412419,0.988118416469505,391,0.9775,0.9577973424412419,0.988118416469505,391,0.9775,0.9577973424412419,0.988118416469505,0.0225
kul3,reference,5,800,1.0,20260831,400,400,0,0.0,5.391012548069048,4,5,0.0,15,0.0375,0.022855029814710867,0.060943842444513396,385,0.9625,0.9390561575554867,0.9771449701852891,385,0.9625,0.9390561575554867,0.9771449701852891,385,0.9625,0.9390561575554867,0.9771449701852891,0.0375
kul3,reference,5,800,1.0,3,400,400,0,0.0,5.523702555625511,4,5,0.0,11,0.0275,0.015423636260295411,0.048565481885614784,389,0.9725,0.9514345181143852,0.9845763637397046,389,0.9725,0.9514345181143852,0.9845763637397046,389,0.9725,0.9514345181143852,0.9845763637397046,0.0275
kul3,reference,5,800,1.0,4,400,400,0,0.0,5.498308114609202,4,5,0.0,8,0.02,0.010168386791664645,0.03896341576926,392,0.98,0.96103658423074,0.9898316132083353,392,0.98,0.96103658423074,0.9898316132083353,392,0.98,0.96103658423074,0.9898316132083353,0.02
smc,pooled,2,50,0.5,1,400,400,0,0.0,19.379022148461257,2,2,0.20124475863887403,16,0.04,0.024769063069711758,0.06398224771784103,391,0.9775,0.9577973424412419,0.988118416469505,389,0.9725,0.9514345181143852,0.9845763637397046,393,0.9825,0.964322927074442,0.991497708892962,0.04
smc,pooled,2,50,0.5,2,400,397,3,0.007499999999999951,15.222206706635792,2,2,0.17851447610834525,17,0.042821158690176324,0.02690475249643619,0.06750029964569142,388,0.9773299748110831,0.9574826846382025,0.9880282939792453,387,0.9748110831234257,0.9542600263776431,0.986261448394858,390,0.982367758186398,0.9640567191355142,0.9914332671718277,0.0425
smc,pooled,2,50,0.5,20260831,400,399,1,0.0024999999999999467,17.6173306889099,2,2,0.21127532603025556,17,0.042606516290726815,0.026769039382612176,0.06716731694842144,385,0.9649122807017544,0.9419719537304265,0.9789858868207695,384,0.9624060150375939,0.9389057466278048,0.9770873616293145,388,0.9724310776942355,0.951314500980608,0.9845375364528176,0.0425
smc,pooled,2,50,0.5,3,400,399,1,0.0024999999999999467,16.577803360768158,2,2,0.17851447610834525,14,0.03508771929824561,0.021014113179230586,0.05802804626957343,389,0.974937343358396,0.9544861745161811,0.9863305952113209,391,0.9799498746867168,0.9609401916072148,0.9898060427084404,389,0.974937343358396,0.9544861745161811,0.9863305952113209,0.035
smc,pooled,2,50,0.5,4,400,398,2,0.0050000000000000044,15.855290091329861,2,2,0.17851447610834525,20,0.05025125628140704,0.03276241326361106,0.0763389695288913,387,0.9723618090452262,0.9511938892500266,0.9844985131801945,389,0.9773869346733668,0.9575880905873878,0.9880584863367717,387,0.9723618090452262,0.9511938892500266,0.9844985131801945,0.05
smc,pooled,2,50,1.0,1,400,399,1,0.0024999999999999467,22.731821940113623,2,2,0.0,8,0.020050125313283207,0.010193957291559582,0.03905980839278528,391,0.9799498746867168,0.9609401916072148,0.9898060427084404,391,0.9799498746867168,0.9609401916072148,0.9898060427084404,391,0.9799498746867168,0.9609401916072148,0.9898060427084404,0.02
smc,pooled,2,50,1.0,2,400,397,3,0.007499999999999951,20.763680215345577,2,2,0.0,13,0.0327455919395466,0.01923483719257282,0.05521219956976696,384,0.9672544080604534,0.9447878004302329,0.9807651628074271,384,0.9672544080604534,0.9447878004302329,0.9807651628074271,384,0.9672544080604534,0.9447878004302329,0.9807651628074271,0.0325
smc,pooled,2,50,1.0,20260831,400,400,0,0.0,20.53720525506121,2,2,0.0,10,0.025,0.013635091745936023,0.045401587871645666,390,0.975,0.9545984121283544,0.986364908254064,390,0.975,0.9545984121283544,0.986364908254064,390,0.975,0.9545984121283544,0.986364908254064,0.025
smc,pooled,2,50,1.0,3,400,396,4,0.010000000000000009,21.559015679367803,2,2,0.0,12,0.030303030303030304,0.017418030491024868,0.05221321511019584,384,0.9696969696969697,0.9477867848898042,0.9825819695089751,384,0.9696969696969697,0.9477867848898042,0.9825819695089751,384,0.9696969696969697,0.9477867848898042,0.9825819695089751,0.03
smc,pooled,2,50,1.0,4,400,400,0,0.0,21.21562569295812,2,2,0.0,17,0.0425,0.026701694991131116,0.06700205432475019,383,0.9575,0.9329979456752499,0.9732983050088689,383,0.9575,0.9329979456752499,0.9732983050088689,383,0.9575,0.9329979456752499,0.9732983050088689,0.0425
smc,pooled,2,800,0.5,1,400,400,0,0.0,15.908460648222086,2,2,0.1912141912474925,19,0.0475,0.030617076962711882,0.07299154940982647,391,0.9775,0.9577973424412419,0.988118416469505,389,0.9725,0.9514345181143852,0.9845763637397046,398,0.995,0.9819550815637568,0.9986277470452896,0.0475
smc,pooled,2,800,0.5,2,400,400,0,0.0,14.857307674266652,2,2,0.15916367081412242,17,0.0425,0.026701694991131116,0.06700205432475019,394,0.985,0.9676653664151732,0.9931077080805591,391,0.9775,0.9577973424412419,0.988118416469505,397,0.9925,0.9781842792759678,0.9974461108047501,0.0425
smc,pooled,2,800,0.5,20260831,400,400,0,0.0,11.789152258187848,2,2,0.15874117418795897,20,0.05,0.03259742983714726,0.07596363506371961,389,0.9725,0.9514345181143852,0.9845763637397046,387,0.9675,0.9451958471762332,0.9809101576211996,391,0.9775,0.9577973424412419,0.988118416469505,0.05
smc,pooled,2,800,0.5,3,400,400,0,0.0,13.360213936686378,2,2,0.15916367081412242,21,0.0525,0.034591528357920405,0.07892197507127496,392,0.98,0.96103658423074,0.9898316132083353,392,0.98,0.96103658423074,0.9898316132083353,395,0.9875,0.9710762638040326,0.9946492492200284,0.0525
smc,pooled,2,800,0.5,4,400,400,0,0.0,16.079073071507278,2,2,0.2127648272797042,11,0.0275,0.015423636260295411,0.048565481885614784,398,0.995,0.9819550815637568,0.9986277470452896,394,0.985,0.9676653664151732,0.9931077080805591,399,0.9975,0.9859767149241766,0.9995585522131983,0.0275
smc,pooled,2,800,1.0,1,400,400,0,0.0,8.255127177245324,2,2,0.0,15,0.0375,0.022855029814710867,0.060943842444513396,385,0.9625,0.9390561575554867,0.9771449701852891,385,0.9625,0.9390561575554867,0.9771449701852891,385,0.9625,0.9390561575554867,0.9771449701852891,0.0375
smc,pooled,2,800,1.0,2,400,400,0,0.0,8.505840747595435,2,2,0.0,10,0.025,0.013635091745936023,0.045401587871645666,390,0.975,0.9545984121283544,0.986364908254064,390,0.975,0.9545984121283544,0.986364908254064,390,0.975,0.9545984121283544,0.986364908254064,0.025
smc,pooled,2,800,1.0,20260831,400,400,0,0.0,9.584203411847007,2,2,0.0,7,0.0175,0.008502291107038103,0.03567707292555804,393,0.9825,0.964322927074442,0.991497708892962,393,0.9825,0.964322927074442,0.991497708892962,393,0.9825,0.964322927074442,0.991497708892962,0.0175
smc,pooled,2,800,1.0,3,400,400,0,0.0,7.867641677076694,2,2,0.0,9,0.0225,0.011881583530495034,0.04220265755875813,391,0.9775,0.9577973424412419,0.988118416469505,391,0.9775,0.9577973424412419,0.988118416469505,391,0.9775,0.9577973424412419,0.988118416469505,0.0225
smc,pooled,2,800,1.0,4,400,400,0,0.0,8.361180213056155,2,2,0.0,14,0.035,0.02096129419797776,0.057885139532918004,386,0.965,0.9421148604670819,0.9790387058020222,386,0.965,0.9421148604670819,0.9790387058020222,386,0.965,0.9421148604670819,0.9790387058020222,0.035
smc,pooled,5,50,0.5,1,400,400,0,0.0,5.555174141856593,5,5,0.28547892349309545,20,0.05,0.03259742983714726,0.07596363506371961,391,0.9775,0.9577973424412419,0.988118416469505,393,0.9825,0.964322927074442,0.991497708892962,394,0.985,0.9676653664151732,0.9931077080805591,0.05
smc,pooled,5,50,0.5,2,400,400,0,0.0,5.891121631302644,5,5,0.22139755361087232,27,0.0675,0.04680146916375965,0.09642666543540682,388,0.97,0.9483014642909042,0.9827569790348569,383,0.9575,0.9329979456752499,0.9732983050088689,391,0.9775,0.9577973424412419,0.988118416469505,0.0675
smc,pooled,5,50,0.5,20260831,400,400,0,0.0,6.088739388518726,5,5,0.23676194547153173,21,0.0525,0.034591528357920405,0.07892197507127496,392,0.98,0.96103658423074,0.9898316132083353,388,0.97,0.9483014642909042,0.9827569790348569,395,0.9875,0.9710762638040326,0.9946492492200284,0.0525
smc,pooled,5,50,0.5,3,400,400,0,0.0,5.6135611061654584,5,5,0.25917845646648097,24,0.06,0.040647970113724695,0.0877228489004562,394,0.985,0.9676653664151732,0.9931077080805591,388,0.97,0.9483014642909042,0.9827569790348569,398,0.995,0.9819550815637568,0.9986277470452896,0.06
smc,pooled,5,50,0.5,4,400,400,0,0.0,6.202224700027005,5,5,0.2746415274163998,22,0.055,0.03659849414955068,0.08186744780797323,395,0.9875,0.9710762638040326,0.9946492492200284,391,0.9775,0.9577973424412419,0.988118416469505,397,0.9925,0.9781842792759678,0.9974461108047501,0.055
smc,pooled,5,50,1.0,1,400,400,0,0.0,7.389546445817398,5,5,0.0,10,0.025,0.013635091745936023,0.045401587871645666,390,0.975,0.9545984121283544,0.986364908254064,390,0.975,0.9545984121283544,0.986364908254064,390,0.975,0.9545984121283544,0.986364908254064,0.025
smc,pooled,5,50,1.0,2,400,400,0,0.0,7.399148863357343,5,5,0.0,12,0.03,0.017243020965143054,0.05169853570909567,388,0.97,0.9483014642909042,0.9827569790348569,388,0.97,0.9483014642909042,0.9827569790348569,388,0.97,0.9483014642909042,0.9827569790348569,0.03
smc,pooled,5,50,1.0,20260831,400,400,0,0.0,7.0992562823649905,5,5,0.0,15,0.0375,0.022855029814710867,0.060943842444513396,385,0.9625,0.9390561575554867,0.9771449701852891,385,0.9625,0.9390561575554867,0.9771449701852891,385,0.9625,0.9390561575554867,0.9771449701852891,0.0375
smc,pooled,5,50,1.0,3,400,400,0,0.0,7.365237656894216,5,5,0.0,13,0.0325,0.01908984237880045,0.0548041528237668,387,0.9675,0.9451958471762332,0.9809101576211996,387,0.9675,0.9451958471762332,0.9809101576211996,387,0.9675,0.9451958471762332,0.9809101576211996,0.0325
smc,pooled,5,50,1.0,4,400,400,0,0.0,7.687035864072946,5,5,0.0,10,0.025,0.013635091745936023,0.045401587871645666,390,0.975,0.9545984121283544,0.986364908254064,390,0.975,0.9545984121283544,0.986364908254064,390,0.975,0.9545984121283544,0.986364908254064,0.025
smc,pooled,5,800,0.5,1,400,400,0,0.0,4.131160548409914,5,5,0.28432058615695155,34,0.085,0.0614630200239382,0.11643218427352792,389,0.9725,0.9514345181143852,0.9845763637397046,378,0.945,0.9181325521920267,0.9634015058504493,397,0.9925,0.9781842792759678,0.9974461108047501,0.085
smc,pooled,5,800,0.5,2,400,400,0,0.0,3.9312886740493402,5,5,0.24617611681982188,23,0.0575,0.038617542757733075,0.08480083772811935,392,0.98,0.96103658423074,0.9898316132083353,391,0.9775,0.9577973424412419,0.988118416469505,397,0.9925,0.9781842792759678,0.9974461108047501,0.0575
smc,pooled,5,800,0.5,20260831,400,400,0,0.0,4.14015614734342,5,5,0.27167411754459286,33,0.0825,0.05934587622971528,0.1135968895394223,391,0.9775,0.9577973424412419,0.988118416469505,390,0.975,0.9545984121283544,0.986364908254064,396,0.99,0.9745734353473804,0.996104516205009,0.0825
smc,pooled,5,800,0.5,3,400,400,0,0.0,4.093107023665111,5,5,0.2698019004929458,24,0.06,0.040647970113724695,0.0877228489004562,391,0.9775,0.9577973424412419,0.988118416469505,383,0.9575,0.9329979456752499,0.9732983050088689,394,0.985,0.9676653664151732,0.9931077080805591,0.06
smc,pooled,5,800,0.5,4,400,400,0,0.0,3.8287541167908907,5,5,0.2364279653201149,32,0.08,0.05723575041013351,0.11075457683067555,387,0.9675,0.9451958471762332,0.9809101576211996,379,0.9475,0.921078024928725,0.9654084716420795,397,0.9925,0.9781842792759678,0.9974461108047501,0.08
smc,pooled,5,800,1.0,1,400,400,0,0.0,3.4671724531883115,5,5,0.0,9,0.0225,0.011881583530495034,0.04220265755875813,391,0.9775,0.9577973424412419,0.988118416469505,391,0.9775,0.9577973424412419,0.988118416469505,391,0.9775,0.9577973424412419,0.988118416469505,0.0225
smc,pooled,5,800,1.0,2,400,400,0,0.0,3.329469315331863,5,5,0.0,5,0.0125,0.005350750779971611,0.028923736195967484,395,0.9875,0.9710762638040326,0.9946492492200284,395,0.9875,0.9710762638040326,0.9946492492200284,395,0.9875,0.9710762638040326,0.9946492492200284,0.0125
smc,pooled,5,800,1.0,20260831,400,400,0,0.0,3.3025907051689902,5,5,0.0,6,0.015,0.006892291919440893,0.03233463358482672,394,0.985,0.9676653664151732,0.9931077080805591,394,0.985,0.9676653664151732,0.9931077080805591,394,0.985,0.9676653664151732,0.9931077080805591,0.015
smc,pooled,5,800,1.0,3,400,400,0,0.0,3.363862437028243,5,5,0.0,7,0.0175,0.008502291107038103,0.03567707292555804,393,0.9825,0.964322927074442,0.991497708892962,393,0.9825,0.964322927074442,0.991497708892962,393,0.9825,0.964322927074442,0.991497708892962,0.0175
smc,pooled,5,800,1.0,4,400,400,0,0.0,3.3135409111607963,5,5,0.0,3,0.0075,0.0025538891952499396,0.021815720724032123,397,0.9925,0.9781842792759678,0.9974461108047501,397,0.9925,0.9781842792759678,0.9974461108047501,397,0.9925,0.9781842792759678,0.9974461108047501,0.0075
smc,reference,2,50,0.5,1,400,400,0,0.0,55.854148925452485,2,2,0.7532352941176468,27,0.0675,0.04680146916375965,0.09642666543540682,393,0.9825,0.964322927074442,0.991497708892962,395,0.9875,0.9710762638040326,0.9946492492200284,394,0.985,0.9676653664151732,0.9931077080805591,0.0675
smc,reference,2,50,0.5,2,400,395,5,0.012499999999999956,55.065203348810414,2,2,0.74740635466872,35,0.08860759493670886,0.06440066698314652,0.12073921049857432,382,0.9670886075949368,0.9445123771347056,0.9806672696629714,383,0.9696202531645569,0.9476565100180396,0.9825376606105187,384,0.9721518987341772,0.950828441964131,0.9843802524953092,0.0875
smc,reference,2,50,0.5,20260831,400,397,3,0.007499999999999951,58.695305961982264,2,2,0.8110619342489569,20,0.05037783375314862,0.03284553288757408,0.0765280307893944,389,0.9798488664987406,0.9607459685236254,0.9897545139387697,389,0.9798488664987406,0.9607459685236254,0.9897545139387697,389,0.9798488664987406,0.9607459685236254,0.9897545139387697,0.05
smc,reference,2,50,0.5,3,400,398,2,0.0050000000000000044,57.13912223177587,2,2,0.7532352941176468,26,0.06532663316582915,0.04496727946745212,0.09399662680686584,392,0.9849246231155779,0.9675048549172067,0.9930729837478607,389,0.9773869346733668,0.9575880905873878,0.9880584863367717,391,0.9824120603015075,0.9641458954058308,0.9914548560122671,0.065
smc,reference,2,50,0.5,4,400,397,3,0.007499999999999951,50.63306230179387,2,2,0.7955405986846138,28,0.07052896725440806,0.04924436404061032,0.10004523039593378,388,0.9773299748110831,0.9574826846382025,0.9880282939792453,384,0.9672544080604534,0.9447878004302329,0.9807651628074271,388,0.9773299748110831,0.9574826846382025,0.9880282939792453,0.07
smc,reference,2,50,1.0,1,400,400,0,0.0,50.10532274173406,2,2,0.0,9,0.0225,0.011881583530495034,0.04220265755875813,391,0.9775,0.9577973424412419,0.988118416469505,391,0.9775,0.9577973424412419,0.988118416469505,391,0.9775,0.9577973424412419,0.988118416469505,0.0225
smc,reference,2,50,1.0,2,400,396,4,0.010000000000000009,46.667421508990984,2,2,0.0,15,0.03787878787878788,0.023087219910443376,0.06154997334237053,381,0.9621212121212122,0.9384500266576296,0.9769127800895566,381,0.9621212121212122,0.9384500266576296,0.9769127800895566,381,0.9621212121212122,0.9384500266576296,0.9769127800895566,0.0375
smc,reference,2,50,1.0,20260831,400,397,3,0.007499999999999951,54.07183890375784,2,2,0.0,9,0.022670025188916875,0.01197170602075464,0.042517315361797314,388,0.9773299748110831,0.9574826846382025,0.9880282939792453,388,0.9773299748110831,0.9574826846382025,0.9880282939792453,388,0.9773299748110831,0.9574826846382025,0.9880282939792453,0.0225
smc,reference,2,50,1.0,3,400,397,3,0.007499999999999951,54.081438884350746,2,2,0.0,16,0.04030226700251889,0.02495736807762088,0.06445818021955978,381,0.9596977329974811,0.9355418197804402,0.975042631922379,381,0.9596977329974811,0.9355418197804402,0.975042631922379,381,0.9596977329974811,0.9355418197804402,0.975042631922379,0.04
smc,reference,2,50,1.0,4,400,395,5,0.012499999999999956,49.48833450829862,2,2,0.0,6,0.015189873417721518,0.006979763800229216,0.03273892258592182,389,0.9848101265822785,0.9672610774140781,0.9930202361997708,389,0.9848101265822785,0.9672610774140781,0.9930202361997708,389,0.9848101265822785,0.9672610774140781,0.9930202361997708,0.015
smc,reference,2,800,0.5,1,400,400,0,0.0,52.224630672681684,2,2,0.7665428652344541,26,0.065,0.04474048189620036,0.09353521417463759,395,0.9875,0.9710762638040326,0.9946492492200284,394,0.985,0.9676653664151732,0.9931077080805591,397,0.9925,0.9781842792759678,0.9974461108047501,0.065
smc,reference,2,800,0.5,2,400,400,0,0.0,40.208198792320275,2,2,0.7665428652344541,40,0.1,0.07429925914003437,0.13331057632740284,395,0.9875,0.9710762638040326,0.9946492492200284,393,0.9825,0.964322927074442,0.991497708892962,399,0.9975,0.9859767149241766,0.9995585522131983,0.1
smc,reference,2,800,0.5,20260831,400,400,0,0.0,42.30388724072424,2,2,0.7955405986846138,28,0.07,0.04887162669974449,0.09930894642775051,396,0.99,0.9745734353473804,0.996104516205009,393,0.9825,0.964322927074442,0.991497708892962,396,0.99,0.9745734353473804,0.996104516205009,0.07
smc,reference,2,800,0.5,3,400,400,0,0.0,52.21249368942558,2,2,0.8110619342489569,25,0.0625,0.04268914141220244,0.09063411613030699,397,0.9925,0.9781842792759678,0.9974461108047501,396,0.99,0.9745734353473804,0.996104516205009,398,0.995,0.9819550815637568,0.9986277470452896,0.0625
smc,reference,2,800,0.5,4,400,400,0,0.0,45.535541312191086,2,2,0.7503208243931834,23,0.0575,0.038617542757733075,0.08480083772811935,397,0.9925,0.9781842792759678,0.9974461108047501,394,0.985,0.9676653664151732,0.9931077080805591,398,0.995,0.9819550815637568,0.9986277470452896,0.0575
smc,reference,2,800,1.0,1,400,400,0,0.0,17.177736962162108,2,2,0.0,17,0.0425,0.026701694991131116,0.06700205432475019,383,0.9575,0.9329979456752499,0.9732983050088689,383,0.9575,0.9329979456752499,0.9732983050088689,383,0.9575,0.9329979456752499,0.9732983050088689,0.0425
smc,reference,2,800,1.0,2,400,400,0,0.0,15.467297591611008,2,2,0.0,10,0.025,0.013635091745936023,0.045401587871645666,390,0.975,0.9545984121283544,0.986364908254064,390,0.975,0.9545984121283544,0.986364908254064,390,0.975,0.9545984121283544,0.986364908254064,0.025
smc,reference,2,800,1.0,20260831,400,400,0,0.0,17.093773484756323,2,2,0.0,15,0.0375,0.022855029814710867,0.060943842444513396,385,0.9625,0.9390561575554867,0.9771449701852891,385,0.9625,0.9390561575554867,0.9771449701852891,385,0.9625,0.9390561575554867,0.9771449701852891,0.0375
smc,reference,2,800,1.0,3,400,400,0,0.0,18.3387259760823,2,2,0.0,13,0.0325,0.01908984237880045,0.0548041528237668,387,0.9675,0.9451958471762332,0.9809101576211996,387,0.9675,0.9451958471762332,0.9809101576211996,387,0.9675,0.9451958471762332,0.9809101576211996,0.0325
smc,reference,2,800,1.0,4,400,400,0,0.0,15.96560113164503,2,2,0.0,15,0.0375,0.022855029814710867,0.060943842444513396,385,0.9625,0.9390561575554867,0.9771449701852891,385,0.9625,0.9390561575554867,0.9771449701852891,385,0.9625,0.9390561575554867,0.9771449701852891,0.0375
smc,reference,5,50,0.5,1,400,400,0,0.0,14.213096841002503,5,5,0.9478035586679296,92,0.23,0.19144383051896455,0.27369280842155563,392,0.98,0.96103658423074,0.9898316132083353,393,0.9825,0.964322927074442,0.991497708892962,395,0.9875,0.9710762638040326,0.9946492492200284,0.23
smc,reference,5,50,0.5,2,400,400,0,0.0,14.517184117119529,5,5,0.8331276894999673,102,0.255,0.21475670087938903,0.2999043233444163,392,0.98,0.96103658423074,0.9898316132083353,396,0.99,0.9745734353473804,0.996104516205009,394,0.985,0.9676653664151732,0.9931077080805591,0.255
smc,reference,5,50,0.5,20260831,400,400,0,0.0,15.312436645431097,5,5,0.9309165092096708,79,0.1975,0.1614426641926397,0.23931227387960974,396,0.99,0.9745734353473804,0.996104516205009,397,0.9925,0.9781842792759678,0.9974461108047501,397,0.9925,0.9781842792759678,0.9974461108047501,0.1975
smc,reference,5,50,0.5,3,400,400,0,0.0,13.416795656179776,5,5,0.9395859462035254,104,0.26,0.21944164704726868,0.30512425423319367,390,0.975,0.9545984121283544,0.986364908254064,397,0.9925,0.9781842792759678,0.9974461108047501,394,0.985,0.9676653664151732,0.9931077080805591,0.26
smc,reference,5,50,0.5,4,400,400,0,0.0,14.498777943115105,5,5,0.8826206252166582,79,0.1975,0.1614426641926397,0.23931227387960974,398,0.995,0.9819550815637568,0.9986277470452896,398,0.995,0.9819550815637568,0.9986277470452896,398,0.995,0.9819550815637568,0.9986277470452896,0.1975
smc,reference,5,50,1.0,1,400,400,0,0.0,15.754789641885832,5,5,0.0,9,0.0225,0.011881583530495034,0.04220265755875813,391,0.9775,0.9577973424412419,0.988118416469505,391,0.9775,0.9577973424412419,0.988118416469505,391,0.9775,0.9577973424412419,0.988118416469505,0.0225
smc,reference,5,50,1.0,2,400,400,0,0.0,15.652573338912301,5,5,0.0,13,0.0325,0.01908984237880045,0.0548041528237668,387,0.9675,0.9451958471762332,0.9809101576211996,387,0.9675,0.9451958471762332,0.9809101576211996,387,0.9675,0.9451958471762332,0.9809101576211996,0.0325
smc,reference,5,50,1.0,20260831,400,400,0,0.0,16.668823258331656,5,5,0.0,12,0.03,0.017243020965143054,0.05169853570909567,388,0.97,0.9483014642909042,0.9827569790348569,388,0.97,0.9483014642909042,0.9827569790348569,388,0.97,0.9483014642909042,0.9827569790348569,0.03
smc,reference,5,50,1.0,3,400,400,0,0.0,16.928588435654632,5,5,0.0,6,0.015,0.006892291919440893,0.03233463358482672,394,0.985,0.9676653664151732,0.9931077080805591,394,0.985,0.9676653664151732,0.9931077080805591,394,0.985,0.9676653664151732,0.9931077080805591,0.015
smc,reference,5,50,1.0,4,400,400,0,0.0,15.86600129351001,5,5,0.0,14,0.035,0.02096129419797776,0.057885139532918004,386,0.965,0.9421148604670819,0.9790387058020222,386,0.965,0.9421148604670819,0.9790387058020222,386,0.965,0.9421148604670819,0.9790387058020222,0.035
smc,reference,5,800,0.5,1,400,400,0,0.0,11.725875610576558,5,5,0.9309165092096708,147,0.3675,0.3217214385202667,0.4157993194783218,398,0.995,0.9819550815637568,0.9986277470452896,397,0.9925,0.9781842792759678,0.9974461108047501,399,0.9975,0.9859767149241766,0.9995585522131983,0.3675
smc,reference,5,800,0.5,2,400,400,0,0.0,11.61465904569787,5,5,0.8932641733278222,119,0.2975,0.25479754409145056,0.34405493511393953,399,0.9975,0.9859767149241766,0.9995585522131983,399,0.9975,0.9859767149241766,0.9995585522131983,400,1.0,0.9904877056657034,0.9999999999999999,0.2975
smc,reference,5,800,0.5,20260831,400,400,0,0.0,11.285333601646164,5,5,0.9328202017257397,138,0.345,0.30008782799282613,0.3928609832508057,397,0.9925,0.9781842792759678,0.9974461108047501,394,0.985,0.9676653664151732,0.9931077080805591,400,1.0,0.9904877056657034,0.9999999999999999,0.345
smc,reference,5,800,0.5,3,400,400,0,0.0,11.529701831405081,5,5,0.8712587585354576,135,0.3375,0.2929016377213044,0.38518985793734206,398,0.995,0.9819550815637568,0.9986277470452896,398,0.995,0.9819550815637568,0.9986277470452896,400,1.0,0.9904877056657034,0.9999999999999999,0.3375
smc,reference,5,800,0.5,4,400,400,0,0.0,11.010178068520586,5,5,0.9344402060284476,140,0.35,0.3048856490077627,0.3979680392925262,399,0.9975,0.9859767149241766,0.9995585522131983,397,0.9925,0.9781842792759678,0.9974461108047501,400,1.0,0.9904877056657034,0.9999999999999999,0.35
smc,reference,5,800,1.0,1,400,400,0,0.0,6.455952918358915,5,5,0.0,6,0.015,0.006892291919440893,0.03233463358482672,394,0.985,0.9676653664151732,0.9931077080805591,394,0.985,0.9676653664151732,0.9931077080805591,394,0.985,0.9676653664151732,0.9931077080805591,0.015
smc,reference,5,800,1.0,2,400,400,0,0.0,6.260113543179505,5,5,0.0,10,0.025,0.013635091745936023,0.045401587871645666,390,0.975,0.9545984121283544,0.986364908254064,390,0.975,0.9545984121283544,0.986364908254064,390,0.975,0.9545984121283544,0.986364908254064,0.025
smc,reference,5,800,1.0,20260831,400,400,0,0.0,6.5323150647758315,5,5,0.0,5,0.0125,0.005350750779971611,0.028923736195967484,395,0.9875,0.9710762638040326,0.9946492492200284,395,0.9875,0.9710762638040326,0.9946492492200284,395,0.9875,0.9710762638040326,0.9946492492200284,0.0125
smc,reference,5,800,1.0,3,400,400,0,0.0,6.620205391271838,5,5,0.0,15,0.0375,0.022855029814710867,0.060943842444513396,385,0.9625,0.9390561575554867,0.9771449701852891,385,0.9625,0.9390561575554867,0.9771449701852891,385,0.9625,0.9390561575554867,0.9771449701852891,0.0375
smc,reference,5,800,1.0,4,400,400,0,0.0,6.306590916749423,5,5,0.0,12,0.03,0.017243020965143054,0.05169853570909567,388,0.97,0.9483014642909042,0.9827569790348569,388,0.97,0.9483014642909042,0.9827569790348569,388,0.97,0.9483014642909042,0.9827569790348569,0.03
