cohort,pool,n_cells_mature,shift,method,seed,n_attempted,n_valid,n_covered,n_rejected
kul3,pooled,30,0.5,percentile200,202609170,400,400,312,216
kul3,pooled,30,0.5,percentile200,202609171,400,400,317,229
kul3,pooled,30,0.5,percentile200,202609172,400,400,308,228
kul3,pooled,30,0.5,percentile200,202609173,400,400,298,232
kul3,pooled,30,0.5,percentile200,202609174,400,400,327,222
kul3,pooled,30,0.5,percentile2000,202609170,400,400,315,216
kul3,pooled,30,0.5,percentile2000,202609171,400,400,322,226
kul3,pooled,30,0.5,percentile2000,202609172,400,400,310,227
kul3,pooled,30,0.5,percentile2000,202609173,400,400,304,231
kul3,pooled,30,0.5,percentile2000,202609174,400,400,331,216
kul3,pooled,30,0.5,bca2000,202609170,400,400,288,213
kul3,pooled,30,0.5,bca2000,202609171,400,400,294,219
kul3,pooled,30,0.5,bca2000,202609172,400,400,282,223
kul3,pooled,30,0.5,bca2000,202609173,400,400,278,222
kul3,pooled,30,0.5,bca2000,202609174,400,400,310,210
kul3,pooled,30,0.5,bootstrap_t2000,202609170,400,400,304,214
kul3,pooled,30,0.5,bootstrap_t2000,202609171,400,400,309,222
kul3,pooled,30,0.5,bootstrap_t2000,202609172,400,400,290,227
kul3,pooled,30,0.5,bootstrap_t2000,202609173,400,400,287,227
kul3,pooled,30,0.5,bootstrap_t2000,202609174,400,400,315,213
kul3,pooled,30,0.5,welch,202609170,400,400,332,215
kul3,pooled,30,0.5,welch,202609171,400,400,342,227
kul3,pooled,30,0.5,welch,202609172,400,400,330,226
kul3,pooled,30,0.5,welch,202609173,400,400,324,234
kul3,pooled,30,0.5,welch,202609174,400,400,346,219
kul3,pooled,30,1.0,percentile200,202609170,400,400,246,154
kul3,pooled,30,1.0,percentile200,202609171,400,400,234,166
kul3,pooled,30,1.0,percentile200,202609172,400,400,232,168
kul3,pooled,30,1.0,percentile200,202609173,400,400,240,160
kul3,pooled,30,1.0,percentile200,202609174,400,400,239,161
kul3,pooled,30,1.0,percentile2000,202609170,400,400,247,153
kul3,pooled,30,1.0,percentile2000,202609171,400,400,235,165
kul3,pooled,30,1.0,percentile2000,202609172,400,400,233,167
kul3,pooled,30,1.0,percentile2000,202609173,400,400,240,160
kul3,pooled,30,1.0,percentile2000,202609174,400,400,244,156
kul3,pooled,30,1.0,bca2000,202609170,400,400,248,152
kul3,pooled,30,1.0,bca2000,202609171,400,400,234,166
kul3,pooled,30,1.0,bca2000,202609172,400,400,233,167
kul3,pooled,30,1.0,bca2000,202609173,400,400,235,165
kul3,pooled,30,1.0,bca2000,202609174,400,400,244,156
kul3,pooled,30,1.0,bootstrap_t2000,202609170,400,400,247,153
kul3,pooled,30,1.0,bootstrap_t2000,202609171,400,400,236,164
kul3,pooled,30,1.0,bootstrap_t2000,202609172,400,400,233,167
kul3,pooled,30,1.0,bootstrap_t2000,202609173,400,400,236,164
kul3,pooled,30,1.0,bootstrap_t2000,202609174,400,400,241,159
kul3,pooled,30,1.0,welch,202609170,400,400,245,155
kul3,pooled,30,1.0,welch,202609171,400,400,236,164
kul3,pooled,30,1.0,welch,202609172,400,400,240,160
kul3,pooled,30,1.0,welch,202609173,400,400,246,154
kul3,pooled,30,1.0,welch,202609174,400,400,246,154
kul3,pooled,50,0.5,percentile200,202609170,400,400,320,211
kul3,pooled,50,0.5,percentile200,202609171,400,400,337,201
kul3,pooled,50,0.5,percentile200,202609172,400,400,337,196
kul3,pooled,50,0.5,percentile200,202609173,400,400,333,188
kul3,pooled,50,0.5,percentile200,202609174,400,400,340,198
kul3,pooled,50,0.5,percentile2000,202609170,400,400,326,214
kul3,pooled,50,0.5,percentile2000,202609171,400,400,336,199
kul3,pooled,50,0.5,percentile2000,202609172,400,400,350,197
kul3,pooled,50,0.5,percentile2000,202609173,400,400,333,190
kul3,pooled,50,0.5,percentile2000,202609174,400,400,343,197
kul3,pooled,50,0.5,bca2000,202609170,400,400,291,209
kul3,pooled,50,0.5,bca2000,202609171,400,400,307,189
kul3,pooled,50,0.5,bca2000,202609172,400,400,317,194
kul3,pooled,50,0.5,bca2000,202609173,400,400,314,183
kul3,pooled,50,0.5,bca2000,202609174,400,400,321,192
kul3,pooled,50,0.5,bootstrap_t2000,202609170,400,400,305,214
kul3,pooled,50,0.5,bootstrap_t2000,202609171,400,400,319,198
kul3,pooled,50,0.5,bootstrap_t2000,202609172,400,400,329,194
kul3,pooled,50,0.5,bootstrap_t2000,202609173,400,400,319,190
kul3,pooled,50,0.5,bootstrap_t2000,202609174,400,400,326,197
kul3,pooled,50,0.5,welch,202609170,400,400,346,213
kul3,pooled,50,0.5,welch,202609171,400,400,350,197
kul3,pooled,50,0.5,welch,202609172,400,400,363,200
kul3,pooled,50,0.5,welch,202609173,400,400,350,191
kul3,pooled,50,0.5,welch,202609174,400,400,355,194
kul3,pooled,50,1.0,percentile200,202609170,400,400,272,128
kul3,pooled,50,1.0,percentile200,202609171,400,400,268,132
kul3,pooled,50,1.0,percentile200,202609172,400,400,272,128
kul3,pooled,50,1.0,percentile200,202609173,400,400,270,130
kul3,pooled,50,1.0,percentile200,202609174,400,400,283,117
kul3,pooled,50,1.0,percentile2000,202609170,400,400,275,125
kul3,pooled,50,1.0,percentile2000,202609171,400,400,271,129
kul3,pooled,50,1.0,percentile2000,202609172,400,400,275,125
kul3,pooled,50,1.0,percentile2000,202609173,400,400,274,126
kul3,pooled,50,1.0,percentile2000,202609174,400,400,287,113
kul3,pooled,50,1.0,bca2000,202609170,400,400,274,126
kul3,pooled,50,1.0,bca2000,202609171,400,400,264,136
kul3,pooled,50,1.0,bca2000,202609172,400,400,271,129
kul3,pooled,50,1.0,bca2000,202609173,400,400,266,134
kul3,pooled,50,1.0,bca2000,202609174,400,400,281,119
kul3,pooled,50,1.0,bootstrap_t2000,202609170,400,400,274,126
kul3,pooled,50,1.0,bootstrap_t2000,202609171,400,400,268,132
kul3,pooled,50,1.0,bootstrap_t2000,202609172,400,400,271,129
kul3,pooled,50,1.0,bootstrap_t2000,202609173,400,400,269,131
kul3,pooled,50,1.0,bootstrap_t2000,202609174,400,400,282,118
kul3,pooled,50,1.0,welch,202609170,400,400,276,124
kul3,pooled,50,1.0,welch,202609171,400,400,273,127
kul3,pooled,50,1.0,welch,202609172,400,400,277,123
kul3,pooled,50,1.0,welch,202609173,400,400,276,124
kul3,pooled,50,1.0,welch,202609174,400,400,284,116
kul3,reference,30,0.5,percentile200,202609170,400,400,315,207
kul3,reference,30,0.5,percentile200,202609171,400,400,317,195
kul3,reference,30,0.5,percentile200,202609172,400,400,315,194
kul3,reference,30,0.5,percentile200,202609173,400,400,316,178
kul3,reference,30,0.5,percentile200,202609174,400,400,313,196
kul3,reference,30,0.5,percentile2000,202609170,400,400,319,205
kul3,reference,30,0.5,percentile2000,202609171,400,400,318,191
kul3,reference,30,0.5,percentile2000,202609172,400,400,314,192
kul3,reference,30,0.5,percentile2000,202609173,400,400,316,178
kul3,reference,30,0.5,percentile2000,202609174,400,400,320,192
kul3,reference,30,0.5,bca2000,202609170,400,400,307,175
kul3,reference,30,0.5,bca2000,202609171,400,400,311,161
kul3,reference,30,0.5,bca2000,202609172,400,400,311,171
kul3,reference,30,0.5,bca2000,202609173,400,400,308,160
kul3,reference,30,0.5,bca2000,202609174,400,400,309,176
kul3,reference,30,0.5,bootstrap_t2000,202609170,400,400,311,177
kul3,reference,30,0.5,bootstrap_t2000,202609171,400,400,317,167
kul3,reference,30,0.5,bootstrap_t2000,202609172,400,400,313,174
kul3,reference,30,0.5,bootstrap_t2000,202609173,400,400,313,160
kul3,reference,30,0.5,bootstrap_t2000,202609174,400,400,313,181
kul3,reference,30,0.5,welch,202609170,400,400,323,209
kul3,reference,30,0.5,welch,202609171,400,400,324,200
kul3,reference,30,0.5,welch,202609172,400,400,314,201
kul3,reference,30,0.5,welch,202609173,400,400,322,184
kul3,reference,30,0.5,welch,202609174,400,400,327,200
kul3,reference,30,1.0,percentile200,202609170,400,400,302,98
kul3,reference,30,1.0,percentile200,202609171,400,400,303,97
kul3,reference,30,1.0,percentile200,202609172,400,400,286,114
kul3,reference,30,1.0,percentile200,202609173,400,400,293,107
kul3,reference,30,1.0,percentile200,202609174,400,400,291,109
kul3,reference,30,1.0,percentile2000,202609170,400,400,301,99
kul3,reference,30,1.0,percentile2000,202609171,400,400,309,91
kul3,reference,30,1.0,percentile2000,202609172,400,400,287,113
kul3,reference,30,1.0,percentile2000,202609173,400,400,298,102
kul3,reference,30,1.0,percentile2000,202609174,400,400,291,109
kul3,reference,30,1.0,bca2000,202609170,400,400,310,90
kul3,reference,30,1.0,bca2000,202609171,400,400,311,89
kul3,reference,30,1.0,bca2000,202609172,400,400,296,104
kul3,reference,30,1.0,bca2000,202609173,400,400,304,96
kul3,reference,30,1.0,bca2000,202609174,400,400,300,100
kul3,reference,30,1.0,bootstrap_t2000,202609170,400,400,311,89
kul3,reference,30,1.0,bootstrap_t2000,202609171,400,400,319,81
kul3,reference,30,1.0,bootstrap_t2000,202609172,400,400,298,102
kul3,reference,30,1.0,bootstrap_t2000,202609173,400,400,310,90
kul3,reference,30,1.0,bootstrap_t2000,202609174,400,400,305,95
kul3,reference,30,1.0,welch,202609170,400,400,300,100
kul3,reference,30,1.0,welch,202609171,400,400,306,94
kul3,reference,30,1.0,welch,202609172,400,400,285,115
kul3,reference,30,1.0,welch,202609173,400,400,295,105
kul3,reference,30,1.0,welch,202609174,400,400,288,112
kul3,reference,50,0.5,percentile200,202609170,400,400,334,203
kul3,reference,50,0.5,percentile200,202609171,400,400,356,185
kul3,reference,50,0.5,percentile200,202609172,400,400,346,196
kul3,reference,50,0.5,percentile200,202609173,400,400,346,181
kul3,reference,50,0.5,percentile200,202609174,400,400,344,189
kul3,reference,50,0.5,percentile2000,202609170,400,400,339,196
kul3,reference,50,0.5,percentile2000,202609171,400,400,364,171
kul3,reference,50,0.5,percentile2000,202609172,400,400,351,192
kul3,reference,50,0.5,percentile2000,202609173,400,400,348,181
kul3,reference,50,0.5,percentile2000,202609174,400,400,344,191
kul3,reference,50,0.5,bca2000,202609170,400,400,339,163
kul3,reference,50,0.5,bca2000,202609171,400,400,348,151
kul3,reference,50,0.5,bca2000,202609172,400,400,345,169
kul3,reference,50,0.5,bca2000,202609173,400,400,344,149
kul3,reference,50,0.5,bca2000,202609174,400,400,332,158
kul3,reference,50,0.5,bootstrap_t2000,202609170,400,400,337,166
kul3,reference,50,0.5,bootstrap_t2000,202609171,400,400,356,155
kul3,reference,50,0.5,bootstrap_t2000,202609172,400,400,347,171
kul3,reference,50,0.5,bootstrap_t2000,202609173,400,400,347,156
kul3,reference,50,0.5,bootstrap_t2000,202609174,400,400,336,164
kul3,reference,50,0.5,welch,202609170,400,400,344,201
kul3,reference,50,0.5,welch,202609171,400,400,366,184
kul3,reference,50,0.5,welch,202609172,400,400,353,202
kul3,reference,50,0.5,welch,202609173,400,400,358,188
kul3,reference,50,0.5,welch,202609174,400,400,354,202
kul3,reference,50,1.0,percentile200,202609170,400,400,324,76
kul3,reference,50,1.0,percentile200,202609171,400,400,330,70
kul3,reference,50,1.0,percentile200,202609172,400,400,327,73
kul3,reference,50,1.0,percentile200,202609173,400,400,322,78
kul3,reference,50,1.0,percentile200,202609174,400,400,324,76
kul3,reference,50,1.0,percentile2000,202609170,400,400,330,70
kul3,reference,50,1.0,percentile2000,202609171,400,400,329,71
kul3,reference,50,1.0,percentile2000,202609172,400,400,333,67
kul3,reference,50,1.0,percentile2000,202609173,400,400,325,75
kul3,reference,50,1.0,percentile2000,202609174,400,400,320,80
kul3,reference,50,1.0,bca2000,202609170,400,400,331,69
kul3,reference,50,1.0,bca2000,202609171,400,400,334,66
kul3,reference,50,1.0,bca2000,202609172,400,400,332,68
kul3,reference,50,1.0,bca2000,202609173,400,400,331,69
kul3,reference,50,1.0,bca2000,202609174,400,400,333,67
kul3,reference,50,1.0,bootstrap_t2000,202609170,400,400,331,69
kul3,reference,50,1.0,bootstrap_t2000,202609171,400,400,339,61
kul3,reference,50,1.0,bootstrap_t2000,202609172,400,400,336,64
kul3,reference,50,1.0,bootstrap_t2000,202609173,400,400,334,66
kul3,reference,50,1.0,bootstrap_t2000,202609174,400,400,338,62
kul3,reference,50,1.0,welch,202609170,400,400,327,73
kul3,reference,50,1.0,welch,202609171,400,400,328,72
kul3,reference,50,1.0,welch,202609172,400,400,330,70
kul3,reference,50,1.0,welch,202609173,400,400,328,72
kul3,reference,50,1.0,welch,202609174,400,400,316,84
smc,pooled,30,0.5,percentile200,202609170,400,400,321,213
smc,pooled,30,0.5,percentile200,202609171,400,400,334,205
smc,pooled,30,0.5,percentile200,202609172,400,400,316,221
smc,pooled,30,0.5,percentile200,202609173,400,400,309,219
smc,pooled,30,0.5,percentile200,202609174,400,400,330,214
smc,pooled,30,0.5,percentile2000,202609170,400,400,333,206
smc,pooled,30,0.5,percentile2000,202609171,400,400,335,205
smc,pooled,30,0.5,percentile2000,202609172,400,400,324,219
smc,pooled,30,0.5,percentile2000,202609173,400,400,313,217
smc,pooled,30,0.5,percentile2000,202609174,400,400,336,205
smc,pooled,30,0.5,bca2000,202609170,400,400,314,189
smc,pooled,30,0.5,bca2000,202609171,400,400,316,184
smc,pooled,30,0.5,bca2000,202609172,400,400,303,200
smc,pooled,30,0.5,bca2000,202609173,400,400,297,193
smc,pooled,30,0.5,bca2000,202609174,400,400,319,192
smc,pooled,30,0.5,bootstrap_t2000,202609170,400,400,325,189
smc,pooled,30,0.5,bootstrap_t2000,202609171,400,400,327,183
smc,pooled,30,0.5,bootstrap_t2000,202609172,400,400,308,198
smc,pooled,30,0.5,bootstrap_t2000,202609173,400,400,304,195
smc,pooled,30,0.5,bootstrap_t2000,202609174,400,400,329,195
smc,pooled,30,0.5,welch,202609170,400,400,340,206
smc,pooled,30,0.5,welch,202609171,400,400,348,210
smc,pooled,30,0.5,welch,202609172,400,400,328,223
smc,pooled,30,0.5,welch,202609173,400,400,325,218
smc,pooled,30,0.5,welch,202609174,400,400,345,204
smc,pooled,30,1.0,percentile200,202609170,400,400,285,115
smc,pooled,30,1.0,percentile200,202609171,400,400,274,126
smc,pooled,30,1.0,percentile200,202609172,400,400,272,128
smc,pooled,30,1.0,percentile200,202609173,400,400,264,136
smc,pooled,30,1.0,percentile200,202609174,400,400,285,115
smc,pooled,30,1.0,percentile2000,202609170,400,400,285,115
smc,pooled,30,1.0,percentile2000,202609171,400,400,276,124
smc,pooled,30,1.0,percentile2000,202609172,400,400,270,130
smc,pooled,30,1.0,percentile2000,202609173,400,400,266,134
smc,pooled,30,1.0,percentile2000,202609174,400,400,285,115
smc,pooled,30,1.0,bca2000,202609170,400,400,281,119
smc,pooled,30,1.0,bca2000,202609171,400,400,284,116
smc,pooled,30,1.0,bca2000,202609172,400,400,281,119
smc,pooled,30,1.0,bca2000,202609173,400,400,274,126
smc,pooled,30,1.0,bca2000,202609174,400,400,290,110
smc,pooled,30,1.0,bootstrap_t2000,202609170,400,400,290,110
smc,pooled,30,1.0,bootstrap_t2000,202609171,400,400,291,109
smc,pooled,30,1.0,bootstrap_t2000,202609172,400,400,282,118
smc,pooled,30,1.0,bootstrap_t2000,202609173,400,400,276,124
smc,pooled,30,1.0,bootstrap_t2000,202609174,400,400,300,100
smc,pooled,30,1.0,welch,202609170,400,400,284,116
smc,pooled,30,1.0,welch,202609171,400,400,279,121
smc,pooled,30,1.0,welch,202609172,400,400,269,131
smc,pooled,30,1.0,welch,202609173,400,400,271,129
smc,pooled,30,1.0,welch,202609174,400,400,287,113
smc,pooled,50,0.5,percentile200,202609170,400,400,353,202
smc,pooled,50,0.5,percentile200,202609171,400,400,355,184
smc,pooled,50,0.5,percentile200,202609172,400,400,345,200
smc,pooled,50,0.5,percentile200,202609173,400,400,344,207
smc,pooled,50,0.5,percentile200,202609174,400,400,358,184
smc,pooled,50,0.5,percentile2000,202609170,400,400,358,205
smc,pooled,50,0.5,percentile2000,202609171,400,400,358,179
smc,pooled,50,0.5,percentile2000,202609172,400,400,347,197
smc,pooled,50,0.5,percentile2000,202609173,400,400,350,204
smc,pooled,50,0.5,percentile2000,202609174,400,400,355,174
smc,pooled,50,0.5,bca2000,202609170,400,400,338,187
smc,pooled,50,0.5,bca2000,202609171,400,400,336,165
smc,pooled,50,0.5,bca2000,202609172,400,400,333,184
smc,pooled,50,0.5,bca2000,202609173,400,400,332,177
smc,pooled,50,0.5,bca2000,202609174,400,400,334,165
smc,pooled,50,0.5,bootstrap_t2000,202609170,400,400,351,183
smc,pooled,50,0.5,bootstrap_t2000,202609171,400,400,348,163
smc,pooled,50,0.5,bootstrap_t2000,202609172,400,400,339,176
smc,pooled,50,0.5,bootstrap_t2000,202609173,400,400,341,176
smc,pooled,50,0.5,bootstrap_t2000,202609174,400,400,346,165
smc,pooled,50,0.5,welch,202609170,400,400,363,202
smc,pooled,50,0.5,welch,202609171,400,400,366,181
smc,pooled,50,0.5,welch,202609172,400,400,359,204
smc,pooled,50,0.5,welch,202609173,400,400,354,205
smc,pooled,50,0.5,welch,202609174,400,400,360,174
smc,pooled,50,1.0,percentile200,202609170,400,400,304,96
smc,pooled,50,1.0,percentile200,202609171,400,400,325,75
smc,pooled,50,1.0,percentile200,202609172,400,400,321,79
smc,pooled,50,1.0,percentile200,202609173,400,400,301,99
smc,pooled,50,1.0,percentile200,202609174,400,400,293,107
smc,pooled,50,1.0,percentile2000,202609170,400,400,307,93
smc,pooled,50,1.0,percentile2000,202609171,400,400,328,72
smc,pooled,50,1.0,percentile2000,202609172,400,400,322,78
smc,pooled,50,1.0,percentile2000,202609173,400,400,306,94
smc,pooled,50,1.0,percentile2000,202609174,400,400,293,107
smc,pooled,50,1.0,bca2000,202609170,400,400,310,90
smc,pooled,50,1.0,bca2000,202609171,400,400,325,75
smc,pooled,50,1.0,bca2000,202609172,400,400,324,76
smc,pooled,50,1.0,bca2000,202609173,400,400,305,95
smc,pooled,50,1.0,bca2000,202609174,400,400,304,96
smc,pooled,50,1.0,bootstrap_t2000,202609170,400,400,313,87
smc,pooled,50,1.0,bootstrap_t2000,202609171,400,400,331,69
smc,pooled,50,1.0,bootstrap_t2000,202609172,400,400,327,73
smc,pooled,50,1.0,bootstrap_t2000,202609173,400,400,308,92
smc,pooled,50,1.0,bootstrap_t2000,202609174,400,400,306,94
smc,pooled,50,1.0,welch,202609170,400,400,304,96
smc,pooled,50,1.0,welch,202609171,400,400,332,68
smc,pooled,50,1.0,welch,202609172,400,400,323,77
smc,pooled,50,1.0,welch,202609173,400,400,310,90
smc,pooled,50,1.0,welch,202609174,400,400,292,108
smc,reference,30,0.5,percentile200,202609170,400,400,349,269
smc,reference,30,0.5,percentile200,202609171,400,400,353,285
smc,reference,30,0.5,percentile200,202609172,400,400,359,257
smc,reference,30,0.5,percentile200,202609173,400,400,352,270
smc,reference,30,0.5,percentile200,202609174,400,400,368,276
smc,reference,30,0.5,percentile2000,202609170,400,400,355,270
smc,reference,30,0.5,percentile2000,202609171,400,400,355,284
smc,reference,30,0.5,percentile2000,202609172,400,400,364,250
smc,reference,30,0.5,percentile2000,202609173,400,400,357,260
smc,reference,30,0.5,percentile2000,202609174,400,400,369,276
smc,reference,30,0.5,bca2000,202609170,400,400,354,227
smc,reference,30,0.5,bca2000,202609171,400,400,356,242
smc,reference,30,0.5,bca2000,202609172,400,400,362,223
smc,reference,30,0.5,bca2000,202609173,400,400,359,224
smc,reference,30,0.5,bca2000,202609174,400,400,365,240
smc,reference,30,0.5,bootstrap_t2000,202609170,400,400,360,221
smc,reference,30,0.5,bootstrap_t2000,202609171,400,400,360,221
smc,reference,30,0.5,bootstrap_t2000,202609172,400,400,367,207
smc,reference,30,0.5,bootstrap_t2000,202609173,400,400,367,212
smc,reference,30,0.5,bootstrap_t2000,202609174,400,400,369,215
smc,reference,30,0.5,welch,202609170,400,400,356,269
smc,reference,30,0.5,welch,202609171,400,400,358,290
smc,reference,30,0.5,welch,202609172,400,400,367,261
smc,reference,30,0.5,welch,202609173,400,400,359,269
smc,reference,30,0.5,welch,202609174,400,400,368,279
smc,reference,30,1.0,percentile200,202609170,400,400,349,51
smc,reference,30,1.0,percentile200,202609171,400,400,344,56
smc,reference,30,1.0,percentile200,202609172,400,400,343,57
smc,reference,30,1.0,percentile200,202609173,400,400,348,52
smc,reference,30,1.0,percentile200,202609174,400,400,332,68
smc,reference,30,1.0,percentile2000,202609170,400,400,352,48
smc,reference,30,1.0,percentile2000,202609171,400,400,341,59
smc,reference,30,1.0,percentile2000,202609172,400,400,347,53
smc,reference,30,1.0,percentile2000,202609173,400,400,347,53
smc,reference,30,1.0,percentile2000,202609174,400,400,338,62
smc,reference,30,1.0,bca2000,202609170,400,400,358,42
smc,reference,30,1.0,bca2000,202609171,400,400,346,54
smc,reference,30,1.0,bca2000,202609172,400,400,358,42
smc,reference,30,1.0,bca2000,202609173,400,400,354,46
smc,reference,30,1.0,bca2000,202609174,400,400,349,51
smc,reference,30,1.0,bootstrap_t2000,202609170,400,400,367,33
smc,reference,30,1.0,bootstrap_t2000,202609171,400,400,360,40
smc,reference,30,1.0,bootstrap_t2000,202609172,400,400,367,33
smc,reference,30,1.0,bootstrap_t2000,202609173,400,400,363,37
smc,reference,30,1.0,bootstrap_t2000,202609174,400,400,363,37
smc,reference,30,1.0,welch,202609170,400,400,353,47
smc,reference,30,1.0,welch,202609171,400,400,343,57
smc,reference,30,1.0,welch,202609172,400,400,344,56
smc,reference,30,1.0,welch,202609173,400,400,345,55
smc,reference,30,1.0,welch,202609174,400,400,341,59
smc,reference,50,0.5,percentile200,202609170,400,400,376,307
smc,reference,50,0.5,percentile200,202609171,400,400,371,311
smc,reference,50,0.5,percentile200,202609172,400,400,353,305
smc,reference,50,0.5,percentile200,202609173,400,400,362,310
smc,reference,50,0.5,percentile200,202609174,400,400,364,323
smc,reference,50,0.5,percentile2000,202609170,400,400,377,301
smc,reference,50,0.5,percentile2000,202609171,400,400,373,308
smc,reference,50,0.5,percentile2000,202609172,400,400,357,296
smc,reference,50,0.5,percentile2000,202609173,400,400,368,305
smc,reference,50,0.5,percentile2000,202609174,400,400,367,316
smc,reference,50,0.5,bca2000,202609170,400,400,372,262
smc,reference,50,0.5,bca2000,202609171,400,400,370,285
smc,reference,50,0.5,bca2000,202609172,400,400,361,274
smc,reference,50,0.5,bca2000,202609173,400,400,370,270
smc,reference,50,0.5,bca2000,202609174,400,400,366,286
smc,reference,50,0.5,bootstrap_t2000,202609170,400,400,380,256
smc,reference,50,0.5,bootstrap_t2000,202609171,400,400,371,271
smc,reference,50,0.5,bootstrap_t2000,202609172,400,400,360,258
smc,reference,50,0.5,bootstrap_t2000,202609173,400,400,371,258
smc,reference,50,0.5,bootstrap_t2000,202609174,400,400,370,275
smc,reference,50,0.5,welch,202609170,400,400,378,313
smc,reference,50,0.5,welch,202609171,400,400,376,313
smc,reference,50,0.5,welch,202609172,400,400,359,306
smc,reference,50,0.5,welch,202609173,400,400,369,311
smc,reference,50,0.5,welch,202609174,400,400,367,322
smc,reference,50,1.0,percentile200,202609170,400,400,366,34
smc,reference,50,1.0,percentile200,202609171,400,400,354,46
smc,reference,50,1.0,percentile200,202609172,400,400,373,27
smc,reference,50,1.0,percentile200,202609173,400,400,356,44
smc,reference,50,1.0,percentile200,202609174,400,400,362,38
smc,reference,50,1.0,percentile2000,202609170,400,400,370,30
smc,reference,50,1.0,percentile2000,202609171,400,400,361,39
smc,reference,50,1.0,percentile2000,202609172,400,400,377,23
smc,reference,50,1.0,percentile2000,202609173,400,400,360,40
smc,reference,50,1.0,percentile2000,202609174,400,400,363,37
smc,reference,50,1.0,bca2000,202609170,400,400,373,27
smc,reference,50,1.0,bca2000,202609171,400,400,364,36
smc,reference,50,1.0,bca2000,202609172,400,400,379,21
smc,reference,50,1.0,bca2000,202609173,400,400,363,37
smc,reference,50,1.0,bca2000,202609174,400,400,366,34
smc,reference,50,1.0,bootstrap_t2000,202609170,400,400,377,23
smc,reference,50,1.0,bootstrap_t2000,202609171,400,400,374,26
smc,reference,50,1.0,bootstrap_t2000,202609172,400,400,383,17
smc,reference,50,1.0,bootstrap_t2000,202609173,400,400,370,30
smc,reference,50,1.0,bootstrap_t2000,202609174,400,400,375,25
smc,reference,50,1.0,welch,202609170,400,400,367,33
smc,reference,50,1.0,welch,202609171,400,400,364,36
smc,reference,50,1.0,welch,202609172,400,400,372,28
smc,reference,50,1.0,welch,202609173,400,400,361,39
smc,reference,50,1.0,welch,202609174,400,400,365,35
