cohort,pool,n_cells_mature,shift,comparison,metric,n_pairs,difference,mc_se
kul3,pooled,30,0.5,percentile200_minus_percentile2000,coverage,2000,-0.01,0.0033846311267155776
kul3,pooled,30,0.5,percentile200_minus_percentile2000,rejection,2000,0.0055,0.002781859876447068
kul3,pooled,30,0.5,bca2000_minus_percentile2000,coverage,2000,-0.065,0.005559042316419067
kul3,pooled,30,0.5,bca2000_minus_percentile2000,rejection,2000,-0.0145,0.003263464432171741
kul3,pooled,30,0.5,bootstrap_t2000_minus_percentile2000,coverage,2000,-0.0385,0.004529805135685601
kul3,pooled,30,0.5,bootstrap_t2000_minus_percentile2000,rejection,2000,-0.0065,0.0027807807124412636
kul3,pooled,30,0.5,welch_minus_percentile2000,coverage,2000,0.046,0.0047384835774018095
kul3,pooled,30,0.5,welch_minus_percentile2000,rejection,2000,0.0025,0.002397863606408311
kul3,pooled,30,1.0,percentile200_minus_percentile2000,coverage,2000,-0.004,0.0028277195757358087
kul3,pooled,30,1.0,percentile200_minus_percentile2000,rejection,2000,0.004,0.0028277195757358087
kul3,pooled,30,1.0,bca2000_minus_percentile2000,coverage,2000,-0.0025,0.00304162797698456
kul3,pooled,30,1.0,bca2000_minus_percentile2000,rejection,2000,0.0025,0.00304162797698456
kul3,pooled,30,1.0,bootstrap_t2000_minus_percentile2000,coverage,2000,-0.003,0.00244918338423745
kul3,pooled,30,1.0,bootstrap_t2000_minus_percentile2000,rejection,2000,0.003,0.00244918338423745
kul3,pooled,30,1.0,welch_minus_percentile2000,coverage,2000,0.007,0.002641777714863113
kul3,pooled,30,1.0,welch_minus_percentile2000,rejection,2000,-0.007,0.002641777714863113
kul3,pooled,50,0.5,percentile200_minus_percentile2000,coverage,2000,-0.0105,0.003899035295828836
kul3,pooled,50,0.5,percentile200_minus_percentile2000,rejection,2000,-0.0015,0.003428520435433935
kul3,pooled,50,0.5,bca2000_minus_percentile2000,coverage,2000,-0.069,0.005712776724934599
kul3,pooled,50,0.5,bca2000_minus_percentile2000,rejection,2000,-0.015,0.003520468271185555
kul3,pooled,50,0.5,bootstrap_t2000_minus_percentile2000,coverage,2000,-0.045,0.004690255776567501
kul3,pooled,50,0.5,bootstrap_t2000_minus_percentile2000,rejection,2000,-0.002,0.0030826533012468073
kul3,pooled,50,0.5,welch_minus_percentile2000,coverage,2000,0.038,0.0042763469891703
kul3,pooled,50,0.5,welch_minus_percentile2000,rejection,2000,-0.001,0.0027392063861295494
kul3,pooled,50,1.0,percentile200_minus_percentile2000,coverage,2000,-0.0085,0.002778080968390495
kul3,pooled,50,1.0,percentile200_minus_percentile2000,rejection,2000,0.0085,0.002778080968390495
kul3,pooled,50,1.0,bca2000_minus_percentile2000,coverage,2000,-0.013,0.0034527468384411243
kul3,pooled,50,1.0,bca2000_minus_percentile2000,rejection,2000,0.013,0.0034527468384411243
kul3,pooled,50,1.0,bootstrap_t2000_minus_percentile2000,coverage,2000,-0.009,0.002731891582000996
kul3,pooled,50,1.0,bootstrap_t2000_minus_percentile2000,rejection,2000,0.009,0.002731891582000996
kul3,pooled,50,1.0,welch_minus_percentile2000,coverage,2000,0.002,0.0026460349110272877
kul3,pooled,50,1.0,welch_minus_percentile2000,rejection,2000,-0.002,0.0026460349110272877
kul3,reference,30,0.5,percentile200_minus_percentile2000,coverage,2000,-0.0055,0.0031999992183590845
kul3,reference,30,0.5,percentile200_minus_percentile2000,rejection,2000,0.006,0.003672702597840736
kul3,reference,30,0.5,bca2000_minus_percentile2000,coverage,2000,-0.0205,0.0035420542166992616
kul3,reference,30,0.5,bca2000_minus_percentile2000,rejection,2000,-0.0575,0.0052545866003112065
kul3,reference,30,0.5,bootstrap_t2000_minus_percentile2000,coverage,2000,-0.01,0.002540320179289739
kul3,reference,30,0.5,bootstrap_t2000_minus_percentile2000,rejection,2000,-0.0495,0.004851457855290596
kul3,reference,30,0.5,welch_minus_percentile2000,coverage,2000,0.0115,0.0028614627351220643
kul3,reference,30,0.5,welch_minus_percentile2000,rejection,2000,0.018,0.0029736208922129435
kul3,reference,30,1.0,percentile200_minus_percentile2000,coverage,2000,-0.0055,0.002956221341901035
kul3,reference,30,1.0,percentile200_minus_percentile2000,rejection,2000,0.0055,0.002956221341901035
kul3,reference,30,1.0,bca2000_minus_percentile2000,coverage,2000,0.0175,0.004594282176179122
kul3,reference,30,1.0,bca2000_minus_percentile2000,rejection,2000,-0.0175,0.004594282176179122
kul3,reference,30,1.0,bootstrap_t2000_minus_percentile2000,coverage,2000,0.0285,0.004105155435616937
kul3,reference,30,1.0,bootstrap_t2000_minus_percentile2000,rejection,2000,-0.0285,0.004105155435616937
kul3,reference,30,1.0,welch_minus_percentile2000,coverage,2000,-0.006,0.00264300827588057
kul3,reference,30,1.0,welch_minus_percentile2000,rejection,2000,0.006,0.00264300827588057
kul3,reference,50,0.5,percentile200_minus_percentile2000,coverage,2000,-0.01,0.003309906001515668
kul3,reference,50,0.5,percentile200_minus_percentile2000,rejection,2000,0.0115,0.004381035463890692
kul3,reference,50,0.5,bca2000_minus_percentile2000,coverage,2000,-0.019,0.003914992156031846
kul3,reference,50,0.5,bca2000_minus_percentile2000,rejection,2000,-0.0705,0.005725492610493563
kul3,reference,50,0.5,bootstrap_t2000_minus_percentile2000,coverage,2000,-0.0115,0.0032694372007739956
kul3,reference,50,0.5,bootstrap_t2000_minus_percentile2000,rejection,2000,-0.0595,0.005290923542820098
kul3,reference,50,0.5,welch_minus_percentile2000,coverage,2000,0.0145,0.002854636487319772
kul3,reference,50,0.5,welch_minus_percentile2000,rejection,2000,0.023,0.0034265683541033687
kul3,reference,50,1.0,percentile200_minus_percentile2000,coverage,2000,-0.005,0.003315568804632038
kul3,reference,50,1.0,percentile200_minus_percentile2000,rejection,2000,0.005,0.003315568804632038
kul3,reference,50,1.0,bca2000_minus_percentile2000,coverage,2000,0.012,0.004789516649398708
kul3,reference,50,1.0,bca2000_minus_percentile2000,rejection,2000,-0.012,0.004789516649398708
kul3,reference,50,1.0,bootstrap_t2000_minus_percentile2000,coverage,2000,0.0205,0.0042483996339474535
kul3,reference,50,1.0,bootstrap_t2000_minus_percentile2000,rejection,2000,-0.0205,0.0042483996339474535
kul3,reference,50,1.0,welch_minus_percentile2000,coverage,2000,-0.004,0.0029148324349886788
kul3,reference,50,1.0,welch_minus_percentile2000,rejection,2000,0.004,0.0029148324349886788
smc,pooled,30,0.5,percentile200_minus_percentile2000,coverage,2000,-0.0155,0.0035547423389815863
smc,pooled,30,0.5,percentile200_minus_percentile2000,rejection,2000,0.01,0.0031551509454769947
smc,pooled,30,0.5,bca2000_minus_percentile2000,coverage,2000,-0.046,0.005094602780270937
smc,pooled,30,0.5,bca2000_minus_percentile2000,rejection,2000,-0.047,0.005282939970070044
smc,pooled,30,0.5,bootstrap_t2000_minus_percentile2000,coverage,2000,-0.024,0.004027419776361474
smc,pooled,30,0.5,bootstrap_t2000_minus_percentile2000,rejection,2000,-0.046,0.005287341296813975
smc,pooled,30,0.5,welch_minus_percentile2000,coverage,2000,0.0225,0.003873548397605779
smc,pooled,30,0.5,welch_minus_percentile2000,rejection,2000,0.0045,0.0037076607684882784
smc,pooled,30,1.0,percentile200_minus_percentile2000,coverage,2000,-0.001,0.0025500492888742054
smc,pooled,30,1.0,percentile200_minus_percentile2000,rejection,2000,0.001,0.0025500492888742054
smc,pooled,30,1.0,bca2000_minus_percentile2000,coverage,2000,0.014,0.005041300165004742
smc,pooled,30,1.0,bca2000_minus_percentile2000,rejection,2000,-0.014,0.005041300165004742
smc,pooled,30,1.0,bootstrap_t2000_minus_percentile2000,coverage,2000,0.0285,0.004342038881772641
smc,pooled,30,1.0,bootstrap_t2000_minus_percentile2000,rejection,2000,-0.0285,0.004342038881772641
smc,pooled,30,1.0,welch_minus_percentile2000,coverage,2000,0.004,0.0033908330649616504
smc,pooled,30,1.0,welch_minus_percentile2000,rejection,2000,-0.004,0.0033908330649616504
smc,pooled,50,0.5,percentile200_minus_percentile2000,coverage,2000,-0.0065,0.0032763153268665288
smc,pooled,50,0.5,percentile200_minus_percentile2000,rejection,2000,0.009,0.0039328404006275675
smc,pooled,50,0.5,bca2000_minus_percentile2000,coverage,2000,-0.0475,0.005013426195837588
smc,pooled,50,0.5,bca2000_minus_percentile2000,rejection,2000,-0.0405,0.005142285148479626
smc,pooled,50,0.5,bootstrap_t2000_minus_percentile2000,coverage,2000,-0.0215,0.0038763885504547978
smc,pooled,50,0.5,bootstrap_t2000_minus_percentile2000,rejection,2000,-0.048,0.005325615559777599
smc,pooled,50,0.5,welch_minus_percentile2000,coverage,2000,0.017,0.003370635042583985
smc,pooled,50,0.5,welch_minus_percentile2000,rejection,2000,0.0035,0.004092951395455702
smc,pooled,50,1.0,percentile200_minus_percentile2000,coverage,2000,-0.006,0.003080055741652388
smc,pooled,50,1.0,percentile200_minus_percentile2000,rejection,2000,0.006,0.003080055741652388
smc,pooled,50,1.0,bca2000_minus_percentile2000,coverage,2000,0.006,0.0047427045684199694
smc,pooled,50,1.0,bca2000_minus_percentile2000,rejection,2000,-0.006,0.0047427045684199694
smc,pooled,50,1.0,bootstrap_t2000_minus_percentile2000,coverage,2000,0.0145,0.004260745471861466
smc,pooled,50,1.0,bootstrap_t2000_minus_percentile2000,rejection,2000,-0.0145,0.004260745471861466
smc,pooled,50,1.0,welch_minus_percentile2000,coverage,2000,0.0025,0.0032018746072418653
smc,pooled,50,1.0,welch_minus_percentile2000,rejection,2000,-0.0025,0.0032018746072418653
smc,reference,30,0.5,percentile200_minus_percentile2000,coverage,2000,-0.0095,0.00319530593057926
smc,reference,30,0.5,percentile200_minus_percentile2000,rejection,2000,0.0085,0.0037710721940512324
smc,reference,30,0.5,bca2000_minus_percentile2000,coverage,2000,-0.002,0.004000750304817928
smc,reference,30,0.5,bca2000_minus_percentile2000,rejection,2000,-0.092,0.006464433033702462
smc,reference,30,0.5,bootstrap_t2000_minus_percentile2000,coverage,2000,0.0115,0.0036318686973949867
smc,reference,30,0.5,bootstrap_t2000_minus_percentile2000,rejection,2000,-0.132,0.007570776600135852
smc,reference,30,0.5,welch_minus_percentile2000,coverage,2000,0.004,0.002644900328722131
smc,reference,30,0.5,welch_minus_percentile2000,rejection,2000,0.014,0.002811752652081659
smc,reference,30,1.0,percentile200_minus_percentile2000,coverage,2000,-0.0045,0.0032007807639307904
smc,reference,30,1.0,percentile200_minus_percentile2000,rejection,2000,0.0045,0.0032007807639307904
smc,reference,30,1.0,bca2000_minus_percentile2000,coverage,2000,0.02,0.004828214559018058
smc,reference,30,1.0,bca2000_minus_percentile2000,rejection,2000,-0.02,0.004828214559018058
smc,reference,30,1.0,bootstrap_t2000_minus_percentile2000,coverage,2000,0.0475,0.005397818376122969
smc,reference,30,1.0,bootstrap_t2000_minus_percentile2000,rejection,2000,-0.0475,0.005397818376122969
smc,reference,30,1.0,welch_minus_percentile2000,coverage,2000,0.0005,0.002598701911688393
smc,reference,30,1.0,welch_minus_percentile2000,rejection,2000,-0.0005,0.002598701911688393
smc,reference,50,0.5,percentile200_minus_percentile2000,coverage,2000,-0.008,0.0033126253551181554
smc,reference,50,0.5,percentile200_minus_percentile2000,rejection,2000,0.015,0.004170874980031111
smc,reference,50,0.5,bca2000_minus_percentile2000,coverage,2000,-0.0015,0.003279367641186794
smc,reference,50,0.5,bca2000_minus_percentile2000,rejection,2000,-0.0745,0.005872999324070306
smc,reference,50,0.5,bootstrap_t2000_minus_percentile2000,coverage,2000,0.005,0.0030809488997809633
smc,reference,50,0.5,bootstrap_t2000_minus_percentile2000,rejection,2000,-0.104,0.006827540380973731
smc,reference,50,0.5,welch_minus_percentile2000,coverage,2000,0.0035,0.00249939962776056
smc,reference,50,0.5,welch_minus_percentile2000,rejection,2000,0.0195,0.00325040883256082
smc,reference,50,1.0,percentile200_minus_percentile2000,coverage,2000,-0.01,0.0033846311267155776
smc,reference,50,1.0,percentile200_minus_percentile2000,rejection,2000,0.01,0.0033846311267155776
smc,reference,50,1.0,bca2000_minus_percentile2000,coverage,2000,0.007,0.00424081268698855
smc,reference,50,1.0,bca2000_minus_percentile2000,rejection,2000,-0.007,0.00424081268698855
smc,reference,50,1.0,bootstrap_t2000_minus_percentile2000,coverage,2000,0.024,0.003964827856283925
smc,reference,50,1.0,bootstrap_t2000_minus_percentile2000,rejection,2000,-0.024,0.003964827856283925
smc,reference,50,1.0,welch_minus_percentile2000,coverage,2000,-0.001,0.0026463184805972186
smc,reference,50,1.0,welch_minus_percentile2000,rejection,2000,0.001,0.0026463184805972186
