cohort,pool,n_cells_mature,shift,method,n_attempted,n_valid,n_excluded,median_width,n_covered,coverage,coverage_low,coverage_high,n_rejected,rejection,rejection_low,rejection_high
kul3,pooled,30,0.5,percentile200,2000,2000,0,2.0633020833333333,1562,0.781,0.7623455696749166,0.7985770497530191,1127,0.5635,0.5416631431550185,0.5850933918402623
kul3,pooled,30,0.5,percentile2000,2000,2000,0,2.095527083333333,1582,0.791,0.7726310318046226,0.8082532466776882,1116,0.558,0.536144266282096,0.5796333562332788
kul3,pooled,30,0.5,bca2000,2000,2000,0,2.2211028128898738,1452,0.726,0.7060338412002534,0.7450996534286203,1087,0.5435,0.5216074075925461,0.5652258092939848
kul3,pooled,30,0.5,bootstrap_t2000,2000,2000,0,2.3518861106078286,1505,0.7525,0.7331142952820159,0.7709175958409512,1103,0.5515,0.5296254350233154,0.5731771091067155
kul3,pooled,30,0.5,welch,2000,2000,0,2.139609021565327,1674,0.837,0.8201687132797912,0.8525391968526441,1121,0.5605,0.5386525115661582,0.5821155257128101
kul3,pooled,30,1.0,percentile200,2000,2000,0,2.874335416666667,1191,0.5955,0.5738271246983444,0.6168067192709363,809,0.4045,0.38319328072906367,0.4261728753016556
kul3,pooled,30,1.0,percentile2000,2000,2000,0,2.9510875,1199,0.5995,0.5778542087691927,0.620764298821838,801,0.4005,0.37923570117816197,0.4221457912308073
kul3,pooled,30,1.0,bca2000,2000,2000,0,3.2083096431402547,1194,0.597,0.5753371075913402,0.6182909852360966,806,0.403,0.38170901476390334,0.4246628924086597
kul3,pooled,30,1.0,bootstrap_t2000,2000,2000,0,3.5182940444080897,1193,0.5965,0.5748337568371767,0.6177962530375415,807,0.4035,0.38220374696245857,0.4251662431628232
kul3,pooled,30,1.0,welch,2000,2000,0,3.0532919783778127,1213,0.6065,0.584905185237529,0.6276864836915642,787,0.3935,0.3723135163084358,0.415094814762471
kul3,pooled,50,0.5,percentile200,2000,2000,0,2.1672875,1667,0.8335,0.8165372993335623,0.849184030129842,994,0.497,0.4751140951980067,0.5188974070856807
kul3,pooled,50,0.5,percentile2000,2000,2000,0,2.2079937499999995,1688,0.844,0.8274395607225219,0.859241510747976,997,0.4985,0.476610924647677,0.5203948264941666
kul3,pooled,50,0.5,bca2000,2000,2000,0,2.3420164866913202,1550,0.775,0.7561817473250264,0.7927638766702844,967,0.4835,0.4616514826351063,0.5054117799251748
kul3,pooled,50,0.5,bootstrap_t2000,2000,2000,0,2.478108829622055,1598,0.799,0.7808710507776225,0.8159825549481882,993,0.4965,0.4746151957501872,0.5183982235807815
kul3,pooled,50,0.5,welch,2000,2000,0,2.24901901319433,1764,0.882,0.8671236116591076,0.8954117642180152,995,0.4975,0.4756130164970905,0.5193965687393156
kul3,pooled,50,1.0,percentile200,2000,2000,0,3.0899687500000006,1365,0.6825,0.6617654738724162,0.7025348038699263,635,0.3175,0.2974651961300736,0.33823452612758365
kul3,pooled,50,1.0,percentile2000,2000,2000,0,3.1139562499999967,1382,0.691,0.6703987237896356,0.7108689641489256,618,0.309,0.28913103585107425,0.3296012762103643
kul3,pooled,50,1.0,bca2000,2000,2000,0,3.548856970513934,1356,0.678,0.657198107354527,0.698119423813347,644,0.322,0.30188057618665304,0.34280189264547295
kul3,pooled,50,1.0,bootstrap_t2000,2000,2000,0,3.8287632305415187,1364,0.682,0.6612578808952767,0.7020443138943473,636,0.318,0.2979556861056527,0.3387421191047233
kul3,pooled,50,1.0,welch,2000,2000,0,3.224073539774587,1386,0.693,0.6724312322179724,0.7128287875314638,614,0.307,0.28717121246853605,0.3275687677820275
kul3,reference,30,0.5,percentile200,2000,2000,0,5.028337500000001,1576,0.788,0.7695437267430473,0.805352054022951,970,0.485,0.4631465412059797,0.5069109702124578
kul3,reference,30,0.5,percentile2000,2000,2000,0,5.08519375,1587,0.7935,0.7752049008533347,0.8106697923925698,958,0.479,0.4571674890056885,0.500913026980124
kul3,reference,30,0.5,bca2000,2000,2000,0,5.587719719504287,1546,0.773,0.7541283463671337,0.7908249458173021,843,0.4215,0.4000294072393846,0.443271569183772
kul3,reference,30,0.5,bootstrap_t2000,2000,2000,0,6.042525316172066,1567,0.7835,0.7649154586282094,0.8009975755633201,859,0.4295,0.40796139161315337,0.4513089120535032
kul3,reference,30,0.5,welch,2000,2000,0,5.360397588463691,1610,0.805,0.7870581588102703,0.8217724423481654,994,0.497,0.4751140951980067,0.5188974070856807
kul3,reference,30,1.0,percentile200,2000,2000,0,8.410037500000001,1475,0.7375,0.7177746294224202,0.7563147731189847,525,0.2625,0.24368522688101532,0.28222537057757985
kul3,reference,30,1.0,percentile2000,2000,2000,0,8.594029166666665,1486,0.743,0.7233957379147901,0.761672577106521,514,0.257,0.23832742289347897,0.27660426208520994
kul3,reference,30,1.0,bca2000,2000,2000,0,10.67997175169626,1521,0.7605,0.7413078324035932,0.7786933859628739,479,0.2395,0.22130661403712606,0.2586921675964067
kul3,reference,30,1.0,bootstrap_t2000,2000,2000,0,14.660366493467134,1543,0.7715,0.7525886856420438,0.7893703576842357,457,0.2285,0.21062964231576428,0.24741131435795602
kul3,reference,30,1.0,welch,2000,2000,0,9.56120576181217,1474,0.737,0.7172638129793978,0.7558275066092883,526,0.263,0.2441724933907117,0.28273618702060216
kul3,reference,50,0.5,percentile200,2000,2000,0,4.577143750000001,1726,0.863,0.8472329911935903,0.87737523248022,954,0.477,0.4551751724430595,0.49891301173187796
kul3,reference,50,0.5,percentile2000,2000,2000,0,4.703506249999998,1746,0.873,0.8576884946056319,0.8868813881225533,931,0.4655,0.4437261649389321,0.4874061113234743
kul3,reference,50,0.5,bca2000,2000,2000,0,5.03011873257819,1708,0.854,0.8378460407642953,0.8687966897605776,790,0.395,0.37379645659243443,0.4166061233366286
kul3,reference,50,0.5,bootstrap_t2000,2000,2000,0,5.276967619218516,1723,0.8615,0.8456670391022474,0.8759469357134069,812,0.406,0.38467775459641207,0.42768265029246344
kul3,reference,50,0.5,welch,2000,2000,0,4.817044405552995,1775,0.8875,0.8729022885582233,0.9006119997988055,977,0.4885,0.4666357769044239,0.5104083151830447
kul3,reference,50,1.0,percentile200,2000,2000,0,7.827350000000001,1627,0.8135,0.7958340915453663,0.8299639198092881,373,0.1865,0.17003608019071192,0.20416590845463362
kul3,reference,50,1.0,percentile2000,2000,2000,0,7.991837499999997,1637,0.8185,0.8010025901242357,0.8347762507576062,363,0.1815,0.16522374924239383,0.19899740987576423
kul3,reference,50,1.0,bca2000,2000,2000,0,9.482797532217525,1661,0.8305,0.8134267171121498,0.8463061146349421,339,0.1695,0.15369388536505793,0.18657328288785022
kul3,reference,50,1.0,bootstrap_t2000,2000,2000,0,11.983769703959755,1678,0.839,0.8222449922091818,0.8544552497341286,322,0.161,0.14554475026587133,0.1777550077908181
kul3,reference,50,1.0,welch,2000,2000,0,8.398586536910322,1629,0.8145,0.7968674175650281,0.8309267596950638,371,0.1855,0.1690732403049362,0.20313258243497184
smc,pooled,30,0.5,percentile200,2000,2000,0,2.1117333333333344,1610,0.805,0.7870581588102703,0.8217724423481654,1072,0.536,0.5140956459083181,0.5577663266874318
smc,pooled,30,0.5,percentile2000,2000,2000,0,2.169810416666666,1641,0.8205,0.8030713141807578,0.836699858511959,1052,0.526,0.5040876687901621,0.5478126447512128
smc,pooled,30,0.5,bca2000,2000,2000,0,2.361069284500645,1549,0.7745,0.7556683411116027,0.7922791999309893,958,0.479,0.4571674890056885,0.500913026980124
smc,pooled,30,0.5,bootstrap_t2000,2000,2000,0,2.4400256515204513,1593,0.7965,0.7782949017955278,0.8135682891666891,960,0.48,0.4581637787459181,0.5019129031453318
smc,pooled,30,0.5,welch,2000,2000,0,2.248124079978575,1686,0.843,0.8264001978270884,0.8582847077379719,1061,0.5305,0.5085901706994292,0.5522928894164142
smc,pooled,30,1.0,percentile200,2000,2000,0,3.772018750000001,1380,0.69,0.6693826357392854,0.7098888862938384,620,0.31,0.29011111370616144,0.3306173642607146
smc,pooled,30,1.0,percentile2000,2000,2000,0,3.8006729166666666,1382,0.691,0.6703987237896356,0.7108689641489256,618,0.309,0.28913103585107425,0.3296012762103643
smc,pooled,30,1.0,bca2000,2000,2000,0,4.761393430333479,1410,0.705,0.6846357170878257,0.7245782935268605,590,0.295,0.27542170647313935,0.3153642829121742
smc,pooled,30,1.0,bootstrap_t2000,2000,2000,0,6.326084145078564,1439,0.7195,0.6994049846594416,0.7387534315840883,561,0.2805,0.2612465684159116,0.3005950153405584
smc,pooled,30,1.0,welch,2000,2000,0,4.232058921518443,1390,0.695,0.6744641857496321,0.7147881658106792,610,0.305,0.28521183418932067,0.32553581425036787
smc,pooled,50,0.5,percentile200,2000,2000,0,2.1525000000000007,1755,0.8775,0.8624029252920606,0.8911497040105931,977,0.4885,0.4666357769044239,0.5104083151830447
smc,pooled,50,0.5,percentile2000,2000,2000,0,2.1858625,1768,0.884,0.8692237823494589,0.8973039253385389,959,0.4795,0.4576656229232075,0.5014129760153236
smc,pooled,50,0.5,bca2000,2000,2000,0,2.3849858894734877,1673,0.8365,0.8196497792251847,0.8520600479545322,878,0.439,0.41738810737257864,0.46084577239573415
smc,pooled,50,0.5,bootstrap_t2000,2000,2000,0,2.5992114277730525,1725,0.8625,0.846710940600441,0.8768992001206507,863,0.4315,0.40994528998916885,0.4533173454883627
smc,pooled,50,0.5,welch,2000,2000,0,2.2624993007746594,1802,0.901,0.8871320405740596,0.9133304875063756,966,0.483,0.46115317354684554,0.504912006060717
smc,pooled,50,1.0,percentile200,2000,2000,0,3.7855375000000007,1544,0.772,0.753101868914027,0.7898552573649715,456,0.228,0.21014474263502853,0.24689813108597303
smc,pooled,50,1.0,percentile2000,2000,2000,0,3.854874999999999,1556,0.778,0.7592629744365406,0.7956711472750827,444,0.222,0.2043288527249172,0.24073702556345938
smc,pooled,50,1.0,bca2000,2000,2000,0,4.444493995788964,1568,0.784,0.7654295531559238,0.8014815639883245,432,0.216,0.19851843601167546,0.23457044684407613
smc,pooled,50,1.0,bootstrap_t2000,2000,2000,0,5.727008585814181,1585,0.7925,0.7741752306515731,0.8097032966888938,415,0.2075,0.19029670331110604,0.22582476934842682
smc,pooled,50,1.0,welch,2000,2000,0,4.065942281157355,1561,0.7805,0.7618317079481217,0.7980928285270953,439,0.2195,0.20190717147290457,0.23816829205187826
smc,reference,30,0.5,percentile200,2000,2000,0,6.459002083333335,1781,0.8905,0.8760586499397343,0.903444136133607,1357,0.6785,0.6577054850262555,0.6986101290943373
smc,reference,30,0.5,percentile2000,2000,2000,0,6.657462499999995,1800,0.9,0.8860755875933475,0.9123907745816502,1340,0.67,0.6490836827479973,0.6902645211763767
smc,reference,30,0.5,bca2000,2000,2000,0,7.0664987574391205,1796,0.898,0.8839638841043522,0.9105101462597704,1156,0.578,0.5562259272236716,0.599475013400453
smc,reference,30,0.5,bootstrap_t2000,2000,2000,0,7.770878227776051,1823,0.9115,0.8982505492332389,0.9231717208542898,1076,0.538,0.5160982971980542,0.5597560072085707
smc,reference,30,0.5,welch,2000,2000,0,7.0532200824923725,1808,0.904,0.8903038697549172,0.9161471560418305,1368,0.684,0.6632884153284588,0.7040061112720402
smc,reference,30,1.0,percentile200,2000,2000,0,11.434083333333337,1716,0.858,0.8420154493218232,0.8726119448247996,284,0.142,0.12738805517520033,0.1579845506781767
smc,reference,30,1.0,percentile2000,2000,2000,0,11.737914583333332,1725,0.8625,0.846710940600441,0.8768992001206507,275,0.1375,0.12310079987934935,0.153289059399559
smc,reference,30,1.0,bca2000,2000,2000,0,12.630880989285053,1765,0.8825,0.8676485316803879,0.8958849271494533,235,0.1175,0.10411507285054655,0.13235146831961192
smc,reference,30,1.0,bootstrap_t2000,2000,2000,0,15.432220141947568,1820,0.91,0.8966591728360274,0.9217688483933453,180,0.09,0.07823115160665478,0.10334082716397261
smc,reference,30,1.0,welch,2000,2000,0,12.809692521630783,1726,0.863,0.8472329911935903,0.87737523248022,274,0.137,0.12262476751977995,0.15276700880640964
smc,reference,50,0.5,percentile200,2000,2000,0,5.28695625,1826,0.913,0.8998429921623659,0.9245735267833193,1556,0.778,0.7592629744365406,0.7956711472750827
smc,reference,50,0.5,percentile2000,2000,2000,0,5.451675,1842,0.921,0.9083551101095888,0.9320307360795963,1526,0.763,0.7438701413329122,0.7811214917971488
smc,reference,50,0.5,bca2000,2000,2000,0,5.710849676974046,1839,0.9195,0.9067565315069778,0.9306350658240509,1377,0.6885,0.6678587105380663,0.7084185626369012
smc,reference,50,0.5,bootstrap_t2000,2000,2000,0,6.027755190697572,1852,0.926,0.9136928772514722,0.9366737984649004,1318,0.659,0.637937302849784,0.6794530761147776
smc,reference,50,0.5,welch,2000,2000,0,5.633489007597171,1849,0.9245,0.9120900214010068,0.9352824054572093,1565,0.7825,0.7638873866000517,0.8000294816860403
smc,reference,50,1.0,percentile200,2000,2000,0,9.754125000000004,1811,0.9055,0.8918912091403923,0.9175540655145114,189,0.0945,0.08244593448548859,0.10810879085960753
smc,reference,50,1.0,percentile2000,2000,2000,0,10.10234375,1831,0.9155,0.9024995017830912,0.9269074319261874,169,0.0845,0.07309256807381255,0.09750049821690863
smc,reference,50,1.0,bca2000,2000,2000,0,10.891548582669706,1845,0.9225,0.9099549326082559,0.9334251624390852,155,0.0775,0.06657483756091465,0.09004506739174409
smc,reference,50,1.0,bootstrap_t2000,2000,2000,0,12.177869018167094,1879,0.9395,0.9281849047504186,0.94913001068936,121,0.0605,0.05086998931063991,0.0718150952495814
smc,reference,50,1.0,welch,2000,2000,0,10.529308542942069,1829,0.9145,0.9014365264814974,0.9259742413223437,171,0.0855,0.07402575867765614,0.09856347351850255
