cohort,pool,pair_number,n_source_cells,mean_expression,variance_expression,zero_fraction,squared_cv
smc,pooled,1,956,1.7667364016736402,203.1893119430682,0.8723849372384938,65.09645598009759
smc,pooled,2,1460,1.0061643835616438,154.00886610996432,0.9445205479452055,152.12754030309165
smc,pooled,3,1048,7.762404580152672,1295.0284720805896,0.8492366412213741,21.492491691942476
smc,pooled,4,789,1.761723700887199,132.59721680071837,0.8948035487959443,42.72271207494436
smc,pooled,5,806,0.7009925558312655,48.89942829522994,0.9218362282878412,99.51234709061006
smc,pooled,6,1110,1.5216216216216216,104.95764061358656,0.8558558558558559,45.331565547419466
smc,pooled,7,826,0.9031476997578692,113.00030486196201,0.9261501210653753,138.53581208806213
smc,pooled,8,1524,4.562992125984252,447.6882892099119,0.8293963254593176,21.501873149896912
smc,pooled,9,1185,1.389029535864979,81.2368416742331,0.8751054852320675,42.1046507679429
smc,pooled,10,946,2.266384778012685,360.6161427441236,0.9059196617336153,70.20658919720431
smc,pooled,11,534,16.49812734082397,2611.7219066055072,0.6891385767790262,9.595279484539935
smc,pooled,12,275,7.509090909090909,768.1190082644628,0.6690909090909091,13.622405009116545
smc,pooled,13,292,4.2465753424657535,528.1309814224056,0.7568493150684932,29.286264308012484
smc,pooled,14,596,3.966442953020134,384.84451150849054,0.7181208053691275,24.461488028263773
smc,pooled,15,312,4.55448717948718,664.1380567882971,0.7788461538461539,32.01690882861431
smc,pooled,16,1010,7.5534653465346535,768.3699137339477,0.7346534653465346,13.467217341861547
smc,pooled,17,671,3.459016393442623,313.25577190882217,0.767511177347243,26.181458800851892
smc,pooled,18,1038,8.275529865125241,1443.1784185535398,0.8795761078998073,21.07309888721894
smc,pooled,19,779,2.3684210526315788,322.80778325788793,0.9358151476251605,57.54746160794941
smc,pooled,20,796,1.2814070351758795,235.26503118608116,0.9623115577889447,143.27920799692424
smc,pooled,21,1100,1.949090909090909,239.69377190082645,0.8845454545454545,63.09465324961017
smc,pooled,22,816,1.4718137254901962,295.35949965157624,0.9656862745098039,136.34689313166027
smc,pooled,23,1514,4.893659180977543,545.9180179181886,0.8500660501981506,22.796070378813763
smc,pooled,24,1175,1.7880851063829788,207.28870909913988,0.902127659574468,64.83347133490295
smc,pooled,25,367,23.190735694822887,3412.715663491451,0.6539509536784741,6.345576047949229
smc,pooled,26,384,20.015625,3199.8539225260415,0.7213541666666666,7.987150009455841
smc,pooled,27,688,12.805232558139535,1960.8050888994053,0.7034883720930233,11.958025770426499
smc,pooled,28,404,19.472772277227723,3177.214605185766,0.7400990099009901,8.378976649890742
smc,pooled,29,1102,12.772232304900182,1703.2793378480308,0.7241379310344828,10.441244366483787
smc,pooled,30,763,11.490170380078636,1757.0021969565537,0.7483617300131061,13.30820148230252
smc,pooled,31,125,7.528,497.849216,0.744,8.784936096878422
smc,pooled,32,429,4.813519813519814,323.1680223428475,0.6993006993006993,13.947708200200506
smc,pooled,33,145,7.7379310344827585,791.9726991676575,0.7931034482758621,13.226974050031615
smc,pooled,34,843,8.695136417556347,806.3803678046405,0.7283511269276394,10.665645527825806
smc,pooled,35,504,4.011904761904762,237.9879535147393,0.7678571428571429,14.786103602215398
smc,pooled,36,446,2.780269058295964,174.60194252850448,0.7556053811659192,22.58787721123829
smc,pooled,37,162,1.8333333333333333,343.91666666666663,0.9382716049382716,102.32231404958678
smc,pooled,38,860,7.563953488372093,729.1296308815577,0.7569767441860465,12.744037726552213
smc,pooled,39,521,2.2975047984644914,111.41820874517853,0.8138195777351248,21.10781688278061
smc,pooled,40,466,3.0493562231759657,281.5233150361951,0.7703862660944206,30.275968544616504
smc,pooled,41,1164,6.554123711340206,606.1147682183724,0.7371134020618557,14.10995396160737
smc,pooled,42,825,2.8133333333333335,161.85848888888887,0.7648484848484849,20.44998989241032
smc,pooled,43,880,7.597727272727273,772.3404493801653,0.7647727272727273,13.37954610063362
smc,pooled,44,541,2.5471349353049906,206.08511656035066,0.8243992606284658,31.764551178481675
smc,pooled,45,1239,6.122679580306699,555.7315195349422,0.7627118644067796,14.82456523315147
smc,reference,1,175,9.022857142857143,1039.8280489795918,0.5371428571428571,12.772425128577622
smc,reference,2,128,11.1328125,1642.9120483398438,0.546875,13.255756725146199
smc,reference,3,214,37.72429906542056,5211.480063761026,0.37383177570093457,3.6620032252764
smc,reference,4,145,9.317241379310344,650.4510820451843,0.5655172413793104,7.492727650269752
smc,reference,5,106,4.971698113207547,349.2916518333927,0.5849056603773585,14.13118903679486
smc,reference,6,186,6.112903225806452,342.1646722164412,0.521505376344086,9.156724055109613
smc,reference,7,105,6.704761904761905,848.7795011337869,0.6285714285714286,18.881137816373965
smc,reference,8,229,28.16593886462882,2285.0204992277036,0.31877729257641924,2.880325941950604
smc,reference,9,158,9.462025316455696,530.413114885435,0.5063291139240507,5.924422769320254
smc,reference,10,107,19.30841121495327,2852.7927329897807,0.411214953271028,7.652038396047565
smc,reference,11,193,45.15025906735751,5934.448924803349,0.27979274611398963,2.9111186276002847
smc,reference,12,124,16.06451612903226,1563.5926118626433,0.45161290322580644,6.058823648005676
smc,reference,13,85,13.741176470588234,1677.3918339100337,0.4235294117647059,8.883552847626191
smc,reference,14,165,10.775757575757575,1032.828503213958,0.4303030303030303,8.894726320064887
smc,reference,15,84,16.011904761904763,2277.2498582766443,0.47619047619047616,8.88228465609928
smc,reference,16,208,34.09134615384615,2798.948386649409,0.22596153846153846,2.40827783846958
smc,reference,17,137,15.591240875912408,1340.3730619638764,0.39416058394160586,5.5139691081372995
smc,reference,18,146,58.63013698630137,7307.219365734658,0.2054794520547945,2.125740894401257
smc,reference,19,77,23.87012987012987,2752.6324843987186,0.4155844155844156,4.831018126577003
smc,reference,20,38,26.68421052631579,4250.268698060942,0.3157894736842105,5.969083715556178
smc,reference,21,118,13.76271186440678,1670.8928468830793,0.3983050847457627,8.821461937926179
smc,reference,22,37,32.189189189189186,5525.072315558803,0.43243243243243246,5.3323407222232815
smc,reference,23,161,43.08695652173913,3447.0110721037,0.14285714285714285,1.8567397772106955
smc,reference,24,90,22.022222222222222,2258.066172839506,0.3333333333333333,4.656015135207789
smc,reference,25,163,52.061349693251536,6182.094395724341,0.25766871165644173,2.280892336625868
smc,reference,26,124,61.79032258064516,7328.859261186264,0.1774193548387097,1.9195324436017402
smc,reference,27,204,40.549019607843135,5283.051518646675,0.27941176470588236,3.2130991642005475
smc,reference,28,123,63.73170731707317,7616.423953995638,0.21138211382113822,1.8751672276356546
smc,reference,29,247,55.0,5264.5182186234815,0.13360323886639677,1.7403366011978452
smc,reference,30,176,49.03409090909091,5780.4420196281,0.22727272727272727,2.4041678963544406
smc,reference,31,55,17.09090909090909,968.1553719008264,0.43636363636363634,3.3144748755092803
smc,reference,32,135,11.481481481481481,610.8570644718792,0.43703703703703706,4.633868886576483
smc,reference,33,54,20.685185185185187,1859.3638545953359,0.5185185185185185,4.3455580677556656
smc,reference,34,178,38.556179775280896,2640.4378550688043,0.19662921348314608,1.7761840151696888
smc,reference,35,107,17.83177570093458,874.7380557253912,0.3925233644859813,2.7509888849333506
smc,reference,36,96,7.5625,286.6002604166667,0.40625,5.011246954898345
smc,reference,37,15,19.533333333333335,3368.6488888888894,0.5333333333333333,8.82882735966639
smc,reference,38,139,43.44604316546763,2913.527664199575,0.1079136690647482,1.543542839512479
smc,reference,39,68,15.941176470588236,633.5553633217995,0.3235294117647059,2.493123731975328
smc,reference,40,95,9.505263157894737,827.5552354570636,0.45263157894736844,9.159435326320901
smc,reference,41,219,30.360730593607308,2266.8059464981966,0.228310502283105,2.459177672086858
smc,reference,42,148,11.445945945945946,485.94978086194305,0.38513513513513514,3.709266262341287
smc,reference,43,138,45.04347826086956,3199.693761814745,0.13768115942028986,1.5770467792668568
smc,reference,44,67,18.82089552238806,1355.6097126308753,0.3880597014925373,3.8269615960043284
smc,reference,45,191,36.68586387434555,2453.3987006935113,0.17277486910994763,1.822932679056147
kul3,pooled,1,1202,4.310316139767055,977.9477970714366,0.721297836938436,52.637762896298185
kul3,pooled,2,1589,3.4644430459408433,878.6842297244152,0.8112020138451856,73.20925371287436
kul3,pooled,3,714,3.4383753501400562,974.8232332148544,0.6778711484593838,82.45543779891405
kul3,pooled,4,871,3.724454649827784,925.6668990998378,0.6911595866819747,66.73126428227167
kul3,pooled,5,955,3.6534031413612564,817.034844439571,0.6837696335078534,61.21324219154642
kul3,pooled,6,1363,4.2377109317681585,865.5311677609002,0.871606749816581,48.197005255292694
kul3,pooled,7,488,5.586065573770492,979.7794779629132,0.7848360655737705,31.399033464332753
kul3,pooled,8,645,5.449612403100775,911.7482362838771,0.7767441860465116,30.70037656133336
kul3,pooled,9,729,5.157750342935528,771.6280640748456,0.757201646090535,29.005969188546857
kul3,pooled,10,875,3.4857142857142858,800.2337959183674,0.92,65.86175759204515
kul3,pooled,11,1032,3.7199612403100777,785.2985162775675,0.8943798449612403,56.74896527128894
kul3,pooled,12,1116,3.6594982078853047,702.9037717912156,0.8727598566308243,52.4871263697418
kul3,pooled,13,157,5.025477707006369,700.0503063004585,0.7515923566878981,27.718807879573543
kul3,pooled,14,241,4.29045643153527,349.0193695012138,0.7012448132780082,18.960183546648015
kul3,pooled,15,398,4.580402010050252,487.6204199388904,0.7211055276381909,23.242063906402283
kul3,reference,1,314,14.834394904458598,3582.4311736784452,0.5095541401273885,16.279392084533118
kul3,reference,2,319,15.702194357366771,4178.666797692634,0.6081504702194357,16.94794496677791
kul3,reference,3,116,16.939655172413794,5754.59118608799,0.4827586206896552,20.054200156686022
kul3,reference,4,227,11.916299559471366,3445.574492033612,0.6343612334801763,24.26491750404023
kul3,reference,5,332,9.024096385542169,2296.1741181593848,0.6114457831325302,28.19664046944658
kul3,reference,6,401,14.306733167082294,2797.7887077816677,0.6034912718204489,13.668912343262964
kul3,reference,7,198,13.6010101010101,2305.7347464544428,0.5252525252525253,12.464274875283513
kul3,reference,8,309,11.110032362459547,1840.0720352740336,0.6213592233009708,14.907478001124943
kul3,reference,9,414,8.995169082125605,1324.1835515414593,0.606280193236715,16.365509350328402
kul3,reference,10,203,14.995073891625616,3276.7635225314853,0.6798029556650246,14.57296359482733
kul3,reference,11,314,12.050955414012739,2480.2139640553373,0.7197452229299363,17.078360985835545
kul3,reference,12,419,9.725536992840096,1813.2301593178443,0.6801909307875895,19.170160713613612
kul3,reference,13,111,6.666666666666667,978.6186186186184,0.7927927927927928,22.01891891891891
kul3,reference,14,216,4.773148148148148,387.1568715706448,0.6805555555555556,16.99327726981517
kul3,reference,15,327,5.415902140672783,588.7322241861423,0.7186544342507645,20.071331805699522
